observation.state,action,timestamp,frame_index,episode_index,index,task_index
"[61.51, -15.9, 93.89, 117.9, -96.45, 172.47, 1.0, 0.0, 0.0]","[61.51, -15.9, 93.89, 117.9, -96.45, 172.47, 1.0, 0.0, 0.0]",0,0,0,1711,0
"[61.51, -15.9, 93.89, 117.9, -96.45, 172.47, 1.0, 0.0, 0.0]","[61.51, -15.9, 93.89, 117.9, -96.45, 172.47, 1.0, 0.0, 0.0]",0.03333333333333333,1,0,1712,0
"[61.51, -15.9, 93.89, 117.9, -96.45, 172.47, 1.0, 0.0, 0.0]","[61.51, -15.9, 93.89, 117.9, -96.45, 172.47, 1.0, 0.0, 0.0]",0.06666666666666667,2,0,1713,0
"[61.51, -15.9, 93.89, 117.9, -96.45, 172.47, 1.0, 0.0, 0.0]","[61.51, -15.9, 93.89, 117.9, -96.45, 172.47, 1.0, 0.0, 0.0]",0.1,3,0,1714,0
"[61.51, -15.9, 93.89, 117.9, -96.45, 172.47, 1.0, 0.0, 0.0]","[61.51, -15.9, 93.89, 117.9, -96.45, 172.47, 1.0, 0.0, 0.0]",0.13333333333333333,4,0,1715,0
"[61.51, -15.9, 93.89, 117.9, -96.45, 172.47, 1.0, 0.0, 0.0]","[61.51, -15.9, 93.89, 117.9, -96.45, 172.47, 1.0, 0.0, 0.0]",0.16666666666666666,5,0,1716,0
"[61.51, -15.9, 93.89, 117.9, -96.45, 172.47, 1.0, 0.0, 0.0]","[61.51, -15.9, 93.89, 117.9, -96.45, 172.47, 1.0, 0.0, 0.0]",0.19999999999999998,6,0,1717,0
"[61.51, -15.9, 93.89, 117.9, -96.45, 172.47, 1.0, 0.0, 0.0]","[61.51, -15.9, 93.89, 117.9, -96.45, 172.47, 1.0, 0.0, 0.0]",0.2333333333333333,7,0,1718,0
"[61.51, -15.9, 93.89, 117.9, -96.45, 172.47, 1.0, 0.0, 0.0]","[61.51, -15.9, 93.89, 117.9, -96.45, 172.47, 1.0, 0.0, 0.0]",0.26666666666666666,8,0,1719,0
"[61.51, -15.9, 93.89, 117.9, -96.45, 172.47, 1.0, 0.0, 0.0]","[61.51, -15.9, 93.89, 117.9, -96.45, 172.47, 1.0, 0.0, 0.0]",0.3,9,0,1720,0
"[61.51, -15.9, 93.89, 117.9, -96.45, 172.47, 1.0, 0.0, 0.0]","[61.51, -15.9, 93.89, 117.9, -96.45, 172.47, 1.0, 0.0, 0.0]",0.3333333333333333,10,0,1721,0
"[61.51, -15.9, 93.89, 117.9, -96.45, 172.47, 1.0, 0.0, 0.0]","[61.51, -15.9, 93.89, 117.9, -96.45, 172.47, 1.0, 0.0, 0.0]",0.36666666666666664,11,0,1722,0
"[61.51, -15.9, 93.89, 117.9, -96.45, 172.47, 1.0, 0.0, 0.0]","[61.51, -15.9, 93.89, 117.9, -96.45, 172.47, 1.0, 0.0, 0.0]",0.39999999999999997,12,0,1723,0
"[61.51, -15.9, 93.89, 117.9, -96.45, 172.47, 1.0, 0.0, 0.0]","[61.51, -15.9, 93.89, 117.9, -96.45, 172.47, 1.0, 0.0, 0.0]",0.4333333333333333,13,0,1724,0
"[61.51, -15.9, 93.89, 117.9, -96.45, 172.47, 1.0, 0.0, 0.0]","[61.51, -15.9, 93.89, 117.9, -96.45, 172.47, 1.0, 0.0, 0.0]",0.4666666666666666,14,0,1725,0
"[61.51, -15.9, 93.89, 117.9, -96.45, 172.47, 1.0, 0.0, 0.0]","[61.51, -15.9, 93.89, 117.9, -96.45, 172.47, 1.0, 0.0, 0.0]",0.49999999999999994,15,0,1726,0
"[61.51, -15.9, 93.89, 117.9, -96.45, 172.47, 1.0, 0.0, 0.0]","[61.51, -15.9, 93.89, 117.9, -96.45, 172.47, 1.0, 0.0, 0.0]",0.5333333333333333,16,0,1727,0
"[61.51, -15.9, 93.89, 117.9, -96.45, 172.47, 1.0, 0.0, 0.0]","[61.51, -15.9, 93.89, 117.9, -96.45, 172.47, 1.0, 0.0, 0.0]",0.5666666666666667,17,0,1728,0
"[61.51, -15.9, 93.89, 117.9, -96.45, 172.47, 1.0, 0.0, 0.0]","[61.52, -15.9, 93.92, 117.86, -96.45, 172.47, 1.0, 0.0, 0.0]",0.6,18,0,1729,0
"[61.52, -15.9, 93.92, 117.86, -96.45, 172.47, 1.0, 0.0, 0.0]","[61.59, -15.83, 94.15, 117.54, -96.44, 172.54, 1.0, 0.0, 0.0]",0.6333333333333333,19,0,1730,0
"[61.59, -15.83, 94.15, 117.54, -96.44, 172.54, 1.0, 0.0, 0.0]","[61.67, -15.75, 94.4, 117.17, -96.44, 172.61, 1.0, 0.0, 0.0]",0.6666666666666666,20,0,1731,0
"[61.67, -15.75, 94.4, 117.17, -96.44, 172.61, 1.0, 0.0, 0.0]","[61.96, -15.45, 95.37, 115.81, -96.41, 172.87, 1.0, 0.0, 0.0]",0.7,21,0,1732,0
"[61.96, -15.45, 95.37, 115.81, -96.41, 172.87, 1.0, 0.0, 0.0]","[62.3, -15.11, 96.48, 114.25, -96.38, 173.16, 1.0, 0.0, 0.0]",0.7333333333333333,22,0,1733,0
"[62.3, -15.11, 96.48, 114.25, -96.38, 173.16, 1.0, 0.0, 0.0]","[62.56, -14.84, 97.35, 113.02, -96.36, 173.4, 1.0, 0.0, 0.0]",0.7666666666666666,23,0,1734,0
"[62.56, -14.84, 97.35, 113.02, -96.36, 173.4, 1.0, 0.0, 0.0]","[63.0, -14.4, 98.81, 110.98, -96.33, 173.79, 1.0, 0.0, 0.0]",0.7999999999999999,24,0,1735,0
"[63.0, -14.4, 98.81, 110.98, -96.33, 173.79, 1.0, 0.0, 0.0]","[63.46, -13.93, 100.35, 108.83, -96.29, 174.2, 1.0, 0.0, 0.0]",0.8333333333333333,25,0,1736,0
"[63.46, -13.93, 100.35, 108.83, -96.29, 174.2, 1.0, 0.0, 0.0]","[63.77, -13.62, 101.37, 107.41, -96.26, 174.47, 1.0, 0.0, 0.0]",0.8666666666666666,26,0,1737,0
"[63.77, -13.62, 101.37, 107.41, -96.26, 174.47, 1.0, 0.0, 0.0]","[64.4, -12.99, 103.44, 104.51, -96.21, 175.02, 1.0, 0.0, 0.0]",0.8999999999999999,27,0,1738,0
"[64.4, -12.99, 103.44, 104.51, -96.21, 175.02, 1.0, 0.0, 0.0]","[64.71, -12.69, 104.45, 103.08, -96.19, 175.29, 1.0, 0.0, 0.0]",0.9333333333333332,28,0,1739,0
"[64.71, -12.69, 104.45, 103.08, -96.19, 175.29, 1.0, 0.0, 0.0]","[65.32, -12.07, 106.49, 100.23, -96.13, 175.83, 1.0, 0.0, 0.0]",0.9666666666666666,29,0,1740,0
"[65.32, -12.07, 106.49, 100.23, -96.13, 175.83, 1.0, 0.0, 0.0]","[65.79, -11.6, 108.02, 98.07, -96.1, 176.24, 1.0, 0.0, 0.0]",0.9999999999999999,30,0,1741,0
"[65.79, -11.6, 108.02, 98.07, -96.1, 176.24, 1.0, 0.0, 0.0]","[66.09, -11.29, 109.04, 96.65, -96.07, 176.51, 1.0, 0.0, 0.0]",1.0333333333333332,31,0,1742,0
"[66.09, -11.29, 109.04, 96.65, -96.07, 176.51, 1.0, 0.0, 0.0]","[66.72, -10.66, 111.11, 93.75, -96.02, 177.06, 1.0, 0.0, 0.0]",1.0666666666666667,32,0,1743,0
"[66.72, -10.66, 111.11, 93.75, -96.02, 177.06, 1.0, 0.0, 0.0]","[67.03, -10.35, 112.12, 92.33, -95.99, 177.33, 1.0, 0.0, 0.0]",1.1,33,0,1744,0
"[67.03, -10.35, 112.12, 92.33, -95.99, 177.33, 1.0, 0.0, 0.0]","[67.49, -9.88, 113.66, 90.17, -95.96, 177.74, 1.0, 0.0, 0.0]",1.1333333333333335,34,0,1745,0
"[67.49, -9.88, 113.66, 90.17, -95.96, 177.74, 1.0, 0.0, 0.0]","[67.8, -9.57, 114.68, 88.74, -95.93, 178.01, 1.0, 0.0, 0.0]",1.166666666666667,35,0,1746,0
"[67.8, -9.57, 114.68, 88.74, -95.93, 178.01, 1.0, 0.0, 0.0]","[68.42, -8.94, 116.74, 85.85, -95.88, 178.56, 1.0, 0.0, 0.0]",1.2000000000000004,36,0,1747,0
"[68.42, -8.94, 116.74, 85.85, -95.88, 178.56, 1.0, 0.0, 0.0]","[68.73, -8.63, 117.76, 84.42, -95.85, 178.83, 1.0, 0.0, 0.0]",1.2333333333333338,37,0,1748,0
"[68.73, -8.63, 117.76, 84.42, -95.85, 178.83, 1.0, 0.0, 0.0]","[69.34, -8.01, 119.79, 81.57, -95.8, 179.37, 1.0, 0.0, 0.0]",1.2666666666666673,38,0,1749,0
"[69.34, -8.01, 119.79, 81.57, -95.8, 179.37, 1.0, 0.0, 0.0]","[69.81, -7.54, 121.33, 79.41, -95.76, 179.78, 1.0, 0.0, 0.0]",1.3000000000000007,39,0,1750,0
"[69.81, -7.54, 121.33, 79.41, -95.76, 179.78, 1.0, 0.0, 0.0]","[70.28, -7.08, 122.87, 77.25, -95.73, 180.19, 1.0, 0.0, 0.0]",1.3333333333333341,40,0,1751,0
"[70.28, -7.08, 122.87, 77.25, -95.73, 180.19, 1.0, 0.0, 0.0]","[70.74, -6.61, 124.41, 75.09, -95.69, 180.6, 1.0, 0.0, 0.0]",1.3666666666666676,41,0,1752,0
"[70.74, -6.61, 124.41, 75.09, -95.69, 180.6, 1.0, 0.0, 0.0]","[71.06, -6.29, 125.46, 73.62, -95.66, 180.88, 1.0, 0.0, 0.0]",1.400000000000001,42,0,1753,0
"[71.06, -6.29, 125.46, 73.62, -95.66, 180.88, 1.0, 0.0, 0.0]","[71.36, -5.99, 126.44, 72.24, -95.64, 181.14, 1.0, 0.0, 0.0]",1.4333333333333345,43,0,1754,0
"[71.36, -5.99, 126.44, 72.24, -95.64, 181.14, 1.0, 0.0, 0.0]","[71.98, -5.36, 128.51, 69.35, -95.59, 181.69, 1.0, 0.0, 0.0]",1.466666666666668,44,0,1755,0
"[71.98, -5.36, 128.51, 69.35, -95.59, 181.69, 1.0, 0.0, 0.0]","[72.45, -4.89, 130.05, 67.19, -95.55, 182.1, 1.0, 0.0, 0.0]",1.5000000000000013,45,0,1756,0
"[72.45, -4.89, 130.05, 67.19, -95.55, 182.1, 1.0, 0.0, 0.0]","[72.75, -4.58, 131.06, 65.76, -95.52, 182.37, 1.0, 0.0, 0.0]",1.5333333333333348,46,0,1757,0
"[72.75, -4.58, 131.06, 65.76, -95.52, 182.37, 1.0, 0.0, 0.0]","[73.38, -3.95, 133.12, 62.87, -95.47, 182.92, 1.0, 0.0, 0.0]",1.5666666666666682,47,0,1758,0
"[73.38, -3.95, 133.12, 62.87, -95.47, 182.92, 1.0, 0.0, 0.0]","[73.69, -3.64, 134.14, 61.44, -95.45, 183.19, 1.0, 0.0, 0.0]",1.6000000000000016,48,0,1759,0
"[73.69, -3.64, 134.14, 61.44, -95.45, 183.19, 1.0, 0.0, 0.0]","[74.3, -3.02, 136.17, 58.59, -95.4, 183.73, 1.0, 0.0, 0.0]",1.633333333333335,49,0,1760,0
"[74.3, -3.02, 136.17, 58.59, -95.4, 183.73, 1.0, 0.0, 0.0]","[74.62, -2.71, 137.21, 57.13, -95.37, 184.01, 1.0, 0.0, 0.0]",1.6666666666666685,50,0,1761,0
"[74.62, -2.71, 137.21, 57.13, -95.37, 184.01, 1.0, 0.0, 0.0]","[74.91, -2.41, 138.19, 55.76, -95.35, 184.27, 1.0, 0.0, 0.0]",1.700000000000002,51,0,1762,0
"[74.91, -2.41, 138.19, 55.76, -95.35, 184.27, 1.0, 0.0, 0.0]","[75.33, -1.99, 139.57, 53.83, -95.31, 184.63, 1.0, 0.0, 0.0]",1.7333333333333354,52,0,1763,0
"[75.33, -1.99, 139.57, 53.83, -95.31, 184.63, 1.0, 0.0, 0.0]","[75.76, -1.55, 141.01, 51.81, -95.28, 185.01, 1.0, 0.0, 0.0]",1.7666666666666688,53,0,1764,0
"[75.76, -1.55, 141.01, 51.81, -95.28, 185.01, 1.0, 0.0, 0.0]","[75.92, -1.4, 141.52, 51.11, -95.26, 185.15, 1.0, 0.0, 0.0]",1.8000000000000023,54,0,1765,0
"[75.92, -1.4, 141.52, 51.11, -95.26, 185.15, 1.0, 0.0, 0.0]","[76.09, -1.22, 142.1, 50.29, -95.25, 185.3, 1.0, 0.0, 0.0]",1.8333333333333357,55,0,1766,0
"[76.09, -1.22, 142.1, 50.29, -95.25, 185.3, 1.0, 0.0, 0.0]","[76.14, -1.17, 142.25, 50.07, -95.24, 185.34, 1.0, 0.0, 0.0]",1.8666666666666691,56,0,1767,0
"[76.14, -1.17, 142.25, 50.07, -95.24, 185.34, 1.0, 0.0, 0.0]","[76.15, -1.16, 142.28, 50.03, -95.24, 185.34, 1.0, 0.0, 0.0]",1.9000000000000026,57,0,1768,0
"[76.15, -1.16, 142.28, 50.03, -95.24, 185.34, 1.0, 0.0, 0.0]","[76.15, -1.16, 142.28, 50.02, -95.24, 185.35, 0.0, 1.0, 0.0]",1.933333333333336,58,0,1769,0
"[76.15, -1.16, 142.28, 50.02, -95.24, 185.35, 0.0, 1.0, 0.0]","[76.15, -1.16, 142.28, 50.03, -95.24, 185.35, 0.0, 1.0, 0.0]",1.9666666666666694,59,0,1770,0
"[76.15, -1.16, 142.28, 50.03, -95.24, 185.35, 0.0, 1.0, 0.0]","[76.15, -1.16, 142.28, 50.03, -95.24, 185.35, 0.0, 1.0, 0.0]",2.0000000000000027,60,0,1771,0
"[76.15, -1.16, 142.28, 50.03, -95.24, 185.35, 0.0, 1.0, 0.0]","[76.15, -1.16, 142.28, 50.03, -95.24, 185.35, 0.0, 1.0, 0.0]",2.033333333333336,61,0,1772,0
"[76.15, -1.16, 142.28, 50.03, -95.24, 185.35, 0.0, 1.0, 0.0]","[76.15, -1.16, 142.28, 50.03, -95.24, 185.35, 0.0, 1.0, 0.0]",2.066666666666669,62,0,1773,0
"[76.15, -1.16, 142.28, 50.03, -95.24, 185.35, 0.0, 1.0, 0.0]","[76.15, -1.16, 142.28, 50.03, -95.24, 185.35, 0.0, 1.0, 0.0]",2.1000000000000023,63,0,1774,0
"[76.15, -1.16, 142.28, 50.03, -95.24, 185.35, 0.0, 1.0, 0.0]","[76.15, -1.16, 142.28, 50.03, -95.24, 185.35, 0.0, 1.0, 0.0]",2.1333333333333355,64,0,1775,0
"[76.15, -1.16, 142.28, 50.03, -95.24, 185.35, 0.0, 1.0, 0.0]","[76.15, -1.16, 142.28, 50.03, -95.24, 185.35, 0.0, 1.0, 0.0]",2.1666666666666687,65,0,1776,0
"[76.15, -1.16, 142.28, 50.03, -95.24, 185.35, 0.0, 1.0, 0.0]","[76.15, -1.16, 142.28, 50.03, -95.24, 185.35, 0.0, 1.0, 0.0]",2.200000000000002,66,0,1777,0
"[76.15, -1.16, 142.28, 50.03, -95.24, 185.35, 0.0, 1.0, 0.0]","[76.15, -1.16, 142.28, 50.03, -95.24, 185.34, 0.0, 1.0, 0.0]",2.233333333333335,67,0,1778,0
"[76.15, -1.16, 142.28, 50.03, -95.24, 185.34, 0.0, 1.0, 0.0]","[76.15, -1.16, 142.28, 50.03, -95.24, 185.34, 0.0, 1.0, 0.0]",2.2666666666666684,68,0,1779,0
"[76.15, -1.16, 142.28, 50.03, -95.24, 185.34, 0.0, 1.0, 0.0]","[76.15, -1.16, 142.28, 50.03, -95.24, 185.34, 0.0, 1.0, 0.0]",2.3000000000000016,69,0,1780,0
"[76.15, -1.16, 142.28, 50.03, -95.24, 185.34, 0.0, 1.0, 0.0]","[76.15, -1.16, 142.28, 50.03, -95.24, 185.34, 0.0, 1.0, 0.0]",2.333333333333335,70,0,1781,0
"[76.15, -1.16, 142.28, 50.03, -95.24, 185.34, 0.0, 1.0, 0.0]","[76.15, -1.16, 142.28, 50.03, -95.24, 185.34, 0.0, 1.0, 0.0]",2.366666666666668,71,0,1782,0
"[76.15, -1.16, 142.28, 50.03, -95.24, 185.34, 0.0, 1.0, 0.0]","[76.15, -1.16, 142.28, 50.03, -95.24, 185.34, 0.0, 1.0, 0.0]",2.4000000000000012,72,0,1783,0
"[76.15, -1.16, 142.28, 50.03, -95.24, 185.34, 0.0, 1.0, 0.0]","[76.15, -1.16, 142.28, 50.03, -95.24, 185.34, 0.0, 1.0, 0.0]",2.4333333333333345,73,0,1784,0
"[76.15, -1.16, 142.28, 50.03, -95.24, 185.34, 0.0, 1.0, 0.0]","[76.15, -1.16, 142.28, 50.03, -95.24, 185.34, 0.0, 1.0, 0.0]",2.4666666666666677,74,0,1785,0
"[76.15, -1.16, 142.28, 50.03, -95.24, 185.34, 0.0, 1.0, 0.0]","[76.15, -1.16, 142.28, 50.03, -95.24, 185.34, 0.0, 1.0, 0.0]",2.500000000000001,75,0,1786,0
"[76.15, -1.16, 142.28, 50.03, -95.24, 185.34, 0.0, 1.0, 0.0]","[76.15, -1.16, 142.27, 50.03, -95.24, 185.34, 0.0, 1.0, 0.0]",2.533333333333334,76,0,1787,0
"[76.15, -1.16, 142.27, 50.03, -95.24, 185.34, 0.0, 1.0, 0.0]","[76.15, -1.14, 142.25, 50.03, -95.25, 185.34, 0.0, 1.0, 0.0]",2.5666666666666673,77,0,1788,0
"[76.15, -1.14, 142.25, 50.03, -95.25, 185.34, 0.0, 1.0, 0.0]","[76.15, -1.02, 142.09, 50.05, -95.27, 185.32, 0.0, 1.0, 0.0]",2.6000000000000005,78,0,1789,0
"[76.15, -1.02, 142.09, 50.05, -95.27, 185.32, 0.0, 1.0, 0.0]","[76.15, -0.71, 141.67, 50.11, -95.34, 185.25, 0.0, 1.0, 0.0]",2.6333333333333337,79,0,1790,0
"[76.15, -0.71, 141.67, 50.11, -95.34, 185.25, 0.0, 1.0, 0.0]","[76.16, -0.11, 140.86, 50.21, -95.46, 185.13, 0.0, 1.0, 0.0]",2.666666666666667,80,0,1791,0
"[76.16, -0.11, 140.86, 50.21, -95.46, 185.13, 0.0, 1.0, 0.0]","[76.17, 0.79, 139.63, 50.36, -95.64, 184.95, 0.0, 1.0, 0.0]",2.7,81,0,1792,0
"[76.17, 0.79, 139.63, 50.36, -95.64, 184.95, 0.0, 1.0, 0.0]","[76.19, 1.92, 138.09, 50.56, -95.87, 184.73, 0.0, 1.0, 0.0]",2.7333333333333334,82,0,1793,0
"[76.19, 1.92, 138.09, 50.56, -95.87, 184.73, 0.0, 1.0, 0.0]","[76.21, 3.59, 135.82, 50.84, -96.21, 184.39, 0.0, 1.0, 0.0]",2.7666666666666666,83,0,1794,0
"[76.21, 3.59, 135.82, 50.84, -96.21, 184.39, 0.0, 1.0, 0.0]","[76.22, 4.45, 134.65, 50.98, -96.38, 184.23, 0.0, 1.0, 0.0]",2.8,84,0,1795,0
"[76.22, 4.45, 134.65, 50.98, -96.38, 184.23, 0.0, 1.0, 0.0]","[76.23, 5.33, 133.45, 51.13, -96.56, 184.05, 0.0, 1.0, 0.0]",2.833333333333333,85,0,1796,0
"[76.23, 5.33, 133.45, 51.13, -96.56, 184.05, 0.0, 1.0, 0.0]","[76.25, 6.66, 131.65, 51.36, -96.83, 183.78, 0.0, 1.0, 0.0]",2.8666666666666663,86,0,1797,0
"[76.25, 6.66, 131.65, 51.36, -96.83, 183.78, 0.0, 1.0, 0.0]","[76.27, 8.34, 129.36, 51.64, -97.18, 183.45, 0.0, 1.0, 0.0]",2.8999999999999995,87,0,1798,0
"[76.27, 8.34, 129.36, 51.64, -97.18, 183.45, 0.0, 1.0, 0.0]","[76.28, 9.19, 128.19, 51.79, -97.35, 183.28, 0.0, 1.0, 0.0]",2.9333333333333327,88,0,1799,0
"[76.28, 9.19, 128.19, 51.79, -97.35, 183.28, 0.0, 1.0, 0.0]","[76.31, 10.93, 125.83, 52.09, -97.7, 182.93, 0.0, 1.0, 0.0]",2.966666666666666,89,0,1800,0
"[76.31, 10.93, 125.83, 52.09, -97.7, 182.93, 0.0, 1.0, 0.0]","[76.32, 12.23, 124.06, 52.31, -97.97, 182.68, 0.0, 1.0, 0.0]",2.999999999999999,90,0,1801,0
"[76.32, 12.23, 124.06, 52.31, -97.97, 182.68, 0.0, 1.0, 0.0]","[76.34, 13.08, 122.9, 52.45, -98.14, 182.51, 0.0, 1.0, 0.0]",3.0333333333333323,91,0,1802,0
"[76.34, 13.08, 122.9, 52.45, -98.14, 182.51, 0.0, 1.0, 0.0]","[76.35, 14.38, 121.14, 52.68, -98.41, 182.25, 0.0, 1.0, 0.0]",3.0666666666666655,92,0,1803,0
"[76.35, 14.38, 121.14, 52.68, -98.41, 182.25, 0.0, 1.0, 0.0]","[76.36, 15.23, 119.97, 52.82, -98.58, 182.08, 0.0, 1.0, 0.0]",3.0999999999999988,93,0,1804,0
"[76.36, 15.23, 119.97, 52.82, -98.58, 182.08, 0.0, 1.0, 0.0]","[76.39, 16.94, 117.65, 53.11, -98.93, 181.74, 0.0, 1.0, 0.0]",3.133333333333332,94,0,1805,0
"[76.39, 16.94, 117.65, 53.11, -98.93, 181.74, 0.0, 1.0, 0.0]","[76.4, 17.83, 116.45, 53.26, -99.11, 181.56, 0.0, 1.0, 0.0]",3.166666666666665,95,0,1806,0
"[76.4, 17.83, 116.45, 53.26, -99.11, 181.56, 0.0, 1.0, 0.0]","[76.42, 19.12, 114.69, 53.48, -99.37, 181.31, 0.0, 1.0, 0.0]",3.1999999999999984,96,0,1807,0
"[76.42, 19.12, 114.69, 53.48, -99.37, 181.31, 0.0, 1.0, 0.0]","[76.43, 20.39, 112.96, 53.7, -99.63, 181.05, 0.0, 1.0, 0.0]",3.2333333333333316,97,0,1808,0
"[76.43, 20.39, 112.96, 53.7, -99.63, 181.05, 0.0, 1.0, 0.0]","[76.46, 22.16, 110.56, 54.0, -99.99, 180.7, 0.0, 1.0, 0.0]",3.266666666666665,98,0,1809,0
"[76.46, 22.16, 110.56, 54.0, -99.99, 180.7, 0.0, 1.0, 0.0]","[76.47, 23.42, 108.83, 54.21, -100.25, 180.45, 0.0, 1.0, 0.0]",3.299999999999998,99,0,1810,0
"[76.47, 23.42, 108.83, 54.21, -100.25, 180.45, 0.0, 1.0, 0.0]","[76.49, 24.71, 107.08, 54.43, -100.51, 180.19, 0.0, 1.0, 0.0]",3.3333333333333313,100,0,1811,0
"[76.49, 24.71, 107.08, 54.43, -100.51, 180.19, 0.0, 1.0, 0.0]","[76.49, 25.12, 106.53, 54.5, -100.59, 180.11, 0.0, 1.0, 0.0]",3.3666666666666645,101,0,1812,0
"[76.49, 25.12, 106.53, 54.5, -100.59, 180.11, 0.0, 1.0, 0.0]","[76.51, 26.68, 104.41, 54.77, -100.91, 179.8, 0.0, 1.0, 0.0]",3.3999999999999977,102,0,1813,0
"[76.51, 26.68, 104.41, 54.77, -100.91, 179.8, 0.0, 1.0, 0.0]","[76.53, 27.6, 103.15, 54.92, -101.1, 179.62, 0.0, 1.0, 0.0]",3.433333333333331,103,0,1814,0
"[76.53, 27.6, 103.15, 54.92, -101.1, 179.62, 0.0, 1.0, 0.0]","[76.53, 28.21, 102.31, 55.03, -101.22, 179.5, 0.0, 1.0, 0.0]",3.466666666666664,104,0,1815,0
"[76.53, 28.21, 102.31, 55.03, -101.22, 179.5, 0.0, 1.0, 0.0]","[76.54, 28.55, 101.86, 55.08, -101.29, 179.44, 0.0, 1.0, 0.0]",3.4999999999999973,105,0,1816,0
"[76.54, 28.55, 101.86, 55.08, -101.29, 179.44, 0.0, 1.0, 0.0]","[76.54, 28.65, 101.72, 55.1, -101.31, 179.42, 0.0, 1.0, 0.0]",3.5333333333333306,106,0,1817,0
"[76.54, 28.65, 101.72, 55.1, -101.31, 179.42, 0.0, 1.0, 0.0]","[76.54, 28.7, 101.66, 55.11, -101.32, 179.41, 0.0, 1.0, 0.0]",3.5666666666666638,107,0,1818,0
"[76.54, 28.7, 101.66, 55.11, -101.32, 179.41, 0.0, 1.0, 0.0]","[76.54, 28.7, 101.66, 55.11, -101.32, 179.41, 0.0, 1.0, 0.0]",3.599999999999997,108,0,1819,0
"[76.54, 28.7, 101.66, 55.11, -101.32, 179.41, 0.0, 1.0, 0.0]","[76.55, 28.72, 101.63, 55.13, -101.32, 179.41, 0.0, 1.0, 0.0]",3.63333333333333,109,0,1820,0
"[76.55, 28.72, 101.63, 55.13, -101.32, 179.41, 0.0, 1.0, 0.0]","[76.58, 28.81, 101.47, 55.19, -101.29, 179.41, 0.0, 1.0, 0.0]",3.6666666666666634,110,0,1821,0
"[76.58, 28.81, 101.47, 55.19, -101.29, 179.41, 0.0, 1.0, 0.0]","[76.61, 28.91, 101.3, 55.27, -101.26, 179.41, 0.0, 1.0, 0.0]",3.6999999999999966,111,0,1822,0
"[76.61, 28.91, 101.3, 55.27, -101.26, 179.41, 0.0, 1.0, 0.0]","[76.68, 29.18, 100.83, 55.46, -101.18, 179.42, 0.0, 1.0, 0.0]",3.73333333333333,112,0,1823,0
"[76.68, 29.18, 100.83, 55.46, -101.18, 179.42, 0.0, 1.0, 0.0]","[76.74, 29.4, 100.46, 55.61, -101.12, 179.43, 0.0, 1.0, 0.0]",3.766666666666663,113,0,1824,0
"[76.74, 29.4, 100.46, 55.61, -101.12, 179.43, 0.0, 1.0, 0.0]","[76.78, 29.54, 100.22, 55.71, -101.08, 179.43, 0.0, 1.0, 0.0]",3.7999999999999963,114,0,1825,0
"[76.78, 29.54, 100.22, 55.71, -101.08, 179.43, 0.0, 1.0, 0.0]","[76.86, 29.82, 99.73, 55.91, -101.01, 179.44, 0.0, 1.0, 0.0]",3.8333333333333295,115,0,1826,0
"[76.86, 29.82, 99.73, 55.91, -101.01, 179.44, 0.0, 1.0, 0.0]","[76.9, 29.97, 99.48, 56.02, -100.96, 179.44, 0.0, 1.0, 0.0]",3.8666666666666627,116,0,1827,0
"[76.9, 29.97, 99.48, 56.02, -100.96, 179.44, 0.0, 1.0, 0.0]","[76.95, 30.18, 99.11, 56.17, -100.9, 179.45, 0.0, 1.0, 0.0]",3.899999999999996,117,0,1828,0
"[76.95, 30.18, 99.11, 56.17, -100.9, 179.45, 0.0, 1.0, 0.0]","[77.01, 30.38, 98.77, 56.31, -100.85, 179.46, 0.0, 1.0, 0.0]",3.933333333333329,118,0,1829,0
"[77.01, 30.38, 98.77, 56.31, -100.85, 179.46, 0.0, 1.0, 0.0]","[77.05, 30.52, 98.53, 56.41, -100.81, 179.46, 0.0, 1.0, 0.0]",3.9666666666666623,119,0,1830,0
"[77.05, 30.52, 98.53, 56.41, -100.81, 179.46, 0.0, 1.0, 0.0]","[77.06, 30.57, 98.44, 56.44, -100.8, 179.46, 0.0, 1.0, 0.0]",3.9999999999999956,120,0,1831,0
"[77.06, 30.57, 98.44, 56.44, -100.8, 179.46, 0.0, 1.0, 0.0]","[77.06, 30.58, 98.43, 56.45, -100.79, 179.46, 1.0, 1.0, 0.0]",4.033333333333329,121,0,1832,0
"[77.06, 30.58, 98.43, 56.45, -100.79, 179.46, 1.0, 1.0, 0.0]","[77.06, 30.58, 98.43, 56.45, -100.79, 179.46, 1.0, 1.0, 0.0]",4.066666666666662,122,0,1833,0
"[77.06, 30.58, 98.43, 56.45, -100.79, 179.46, 1.0, 1.0, 0.0]","[77.06, 30.58, 98.43, 56.45, -100.79, 179.46, 1.0, 1.0, 0.0]",4.099999999999995,123,0,1834,0
"[77.06, 30.58, 98.43, 56.45, -100.79, 179.46, 1.0, 1.0, 0.0]","[77.06, 30.58, 98.43, 56.45, -100.79, 179.46, 1.0, 1.0, 0.0]",4.133333333333328,124,0,1835,0
"[77.06, 30.58, 98.43, 56.45, -100.79, 179.46, 1.0, 1.0, 0.0]","[77.06, 30.58, 98.43, 56.45, -100.79, 179.46, 1.0, 1.0, 0.0]",4.166666666666662,125,0,1836,0
"[77.06, 30.58, 98.43, 56.45, -100.79, 179.46, 1.0, 1.0, 0.0]","[77.06, 30.58, 98.43, 56.45, -100.79, 179.46, 1.0, 1.0, 0.0]",4.199999999999995,126,0,1837,0
"[77.06, 30.58, 98.43, 56.45, -100.79, 179.46, 1.0, 1.0, 0.0]","[77.06, 30.58, 98.43, 56.45, -100.79, 179.46, 1.0, 1.0, 0.0]",4.233333333333328,127,0,1838,0
"[77.06, 30.58, 98.43, 56.45, -100.79, 179.46, 1.0, 1.0, 0.0]","[77.06, 30.58, 98.43, 56.45, -100.79, 179.46, 1.0, 1.0, 0.0]",4.266666666666661,128,0,1839,0
"[77.06, 30.58, 98.43, 56.45, -100.79, 179.46, 1.0, 1.0, 0.0]","[77.06, 30.58, 98.43, 56.45, -100.79, 179.46, 1.0, 1.0, 0.0]",4.2999999999999945,129,0,1840,0
"[77.06, 30.58, 98.43, 56.45, -100.79, 179.46, 1.0, 1.0, 0.0]","[77.06, 30.58, 98.43, 56.45, -100.79, 179.46, 1.0, 1.0, 0.0]",4.333333333333328,130,0,1841,0
"[77.06, 30.58, 98.43, 56.45, -100.79, 179.46, 1.0, 1.0, 0.0]","[77.06, 30.58, 98.43, 56.45, -100.79, 179.46, 1.0, 1.0, 0.0]",4.366666666666661,131,0,1842,0
"[77.06, 30.58, 98.43, 56.45, -100.79, 179.46, 1.0, 1.0, 0.0]","[77.06, 30.58, 98.43, 56.45, -100.79, 179.46, 1.0, 1.0, 0.0]",4.399999999999994,132,0,1843,0
"[77.06, 30.58, 98.43, 56.45, -100.79, 179.46, 1.0, 1.0, 0.0]","[77.06, 30.58, 98.43, 56.45, -100.79, 179.46, 1.0, 1.0, 0.0]",4.433333333333327,133,0,1844,0
"[77.06, 30.58, 98.43, 56.45, -100.79, 179.46, 1.0, 1.0, 0.0]","[77.06, 30.5, 98.41, 56.45, -100.79, 179.46, 1.0, 1.0, 0.0]",4.466666666666661,134,0,1845,0
"[77.06, 30.5, 98.41, 56.45, -100.79, 179.46, 1.0, 1.0, 0.0]","[77.06, 30.2, 98.34, 56.45, -100.79, 179.46, 1.0, 1.0, 0.0]",4.499999999999994,135,0,1846,0
"[77.06, 30.2, 98.34, 56.45, -100.79, 179.46, 1.0, 1.0, 0.0]","[77.07, 29.75, 98.23, 56.45, -100.79, 179.46, 1.0, 1.0, 0.0]",4.533333333333327,136,0,1847,0
"[77.07, 29.75, 98.23, 56.45, -100.79, 179.46, 1.0, 1.0, 0.0]","[77.07, 29.28, 98.12, 56.45, -100.79, 179.46, 1.0, 1.0, 0.0]",4.56666666666666,137,0,1848,0
"[77.07, 29.28, 98.12, 56.45, -100.79, 179.46, 1.0, 1.0, 0.0]","[77.07, 28.96, 98.05, 56.45, -100.79, 179.46, 1.0, 1.0, 0.0]",4.599999999999993,138,0,1849,0
"[77.07, 28.96, 98.05, 56.45, -100.79, 179.46, 1.0, 1.0, 0.0]","[77.07, 28.41, 97.91, 56.45, -100.79, 179.46, 1.0, 1.0, 0.0]",4.633333333333327,139,0,1850,0
"[77.07, 28.41, 97.91, 56.45, -100.79, 179.46, 1.0, 1.0, 0.0]","[77.07, 28.23, 97.87, 56.46, -100.79, 179.46, 1.0, 1.0, 0.0]",4.66666666666666,140,0,1851,0
"[77.07, 28.23, 97.87, 56.46, -100.79, 179.46, 1.0, 1.0, 0.0]","[77.07, 28.14, 97.85, 56.46, -100.79, 179.46, 1.0, 1.0, 0.0]",4.699999999999993,141,0,1852,0
"[77.07, 28.14, 97.85, 56.46, -100.79, 179.46, 1.0, 1.0, 0.0]","[77.07, 28.13, 97.84, 56.46, -100.79, 179.46, 1.0, 1.0, 0.0]",4.733333333333326,142,0,1853,0
"[77.07, 28.13, 97.84, 56.46, -100.79, 179.46, 1.0, 1.0, 0.0]","[77.07, 28.12, 97.83, 56.49, -100.79, 179.46, 1.0, 1.0, 0.0]",4.7666666666666595,143,0,1854,0
"[77.07, 28.12, 97.83, 56.49, -100.79, 179.46, 1.0, 1.0, 0.0]","[77.07, 28.07, 97.8, 56.57, -100.79, 179.46, 1.0, 1.0, 0.0]",4.799999999999993,144,0,1855,0
"[77.07, 28.07, 97.8, 56.57, -100.79, 179.46, 1.0, 1.0, 0.0]","[77.07, 27.94, 97.71, 56.81, -100.79, 179.46, 1.0, 1.0, 0.0]",4.833333333333326,145,0,1856,0
"[77.07, 27.94, 97.71, 56.81, -100.79, 179.46, 1.0, 1.0, 0.0]","[77.07, 27.71, 97.55, 57.19, -100.79, 179.46, 1.0, 1.0, 0.0]",4.866666666666659,146,0,1857,0
"[77.07, 27.71, 97.55, 57.19, -100.79, 179.46, 1.0, 1.0, 0.0]","[77.07, 27.53, 97.43, 57.49, -100.79, 179.46, 1.0, 1.0, 0.0]",4.899999999999992,147,0,1858,0
"[77.07, 27.53, 97.43, 57.49, -100.79, 179.46, 1.0, 1.0, 0.0]","[77.07, 27.35, 97.3, 57.79, -100.79, 179.46, 1.0, 1.0, 0.0]",4.933333333333326,148,0,1859,0
"[77.07, 27.35, 97.3, 57.79, -100.79, 179.46, 1.0, 1.0, 0.0]","[77.07, 27.17, 97.16, 58.11, -100.79, 179.46, 1.0, 1.0, 0.0]",4.966666666666659,149,0,1860,0
"[77.07, 27.17, 97.16, 58.11, -100.79, 179.46, 1.0, 1.0, 0.0]","[77.07, 27.0, 97.03, 58.42, -100.79, 179.46, 1.0, 1.0, 0.0]",4.999999999999992,150,0,1861,0
"[77.07, 27.0, 97.03, 58.42, -100.79, 179.46, 1.0, 1.0, 0.0]","[77.07, 26.94, 96.98, 58.53, -100.79, 179.46, 1.0, 1.0, 0.0]",5.033333333333325,151,0,1862,0
"[77.07, 26.94, 96.98, 58.53, -100.79, 179.46, 1.0, 1.0, 0.0]","[77.07, 26.77, 96.85, 58.82, -100.79, 179.46, 1.0, 1.0, 0.0]",5.066666666666658,152,0,1863,0
"[77.07, 26.77, 96.85, 58.82, -100.79, 179.46, 1.0, 1.0, 0.0]","[77.07, 26.66, 96.76, 59.03, -100.8, 179.46, 1.0, 1.0, 0.0]",5.099999999999992,153,0,1864,0
"[77.07, 26.66, 96.76, 59.03, -100.8, 179.46, 1.0, 1.0, 0.0]","[77.07, 26.61, 96.72, 59.11, -100.8, 179.46, 1.0, 1.0, 0.0]",5.133333333333325,154,0,1865,0
"[77.07, 26.61, 96.72, 59.11, -100.8, 179.46, 1.0, 1.0, 0.0]","[77.07, 26.61, 96.72, 59.11, -100.8, 179.46, 1.0, 1.0, 0.0]",5.166666666666658,155,0,1866,0
"[77.07, 26.61, 96.72, 59.11, -100.8, 179.46, 1.0, 1.0, 0.0]","[77.05, 26.57, 96.77, 59.11, -100.81, 179.45, 1.0, 1.0, 0.0]",5.199999999999991,156,0,1867,0
"[77.05, 26.57, 96.77, 59.11, -100.81, 179.45, 1.0, 1.0, 0.0]","[77.03, 26.47, 96.88, 59.09, -100.84, 179.45, 1.0, 1.0, 0.0]",5.2333333333333245,157,0,1868,0
"[77.03, 26.47, 96.88, 59.09, -100.84, 179.45, 1.0, 1.0, 0.0]","[76.88, 26.02, 97.44, 59.01, -100.97, 179.41, 1.0, 1.0, 0.0]",5.266666666666658,158,0,1869,0
"[76.88, 26.02, 97.44, 59.01, -100.97, 179.41, 1.0, 1.0, 0.0]","[76.69, 25.35, 98.27, 58.9, -101.15, 179.36, 1.0, 1.0, 0.0]",5.299999999999991,159,0,1870,0
"[76.69, 25.35, 98.27, 58.9, -101.15, 179.36, 1.0, 1.0, 0.0]","[76.53, 24.77, 99.0, 58.81, -101.3, 179.32, 1.0, 1.0, 0.0]",5.333333333333324,160,0,1871,0
"[76.53, 24.77, 99.0, 58.81, -101.3, 179.32, 1.0, 1.0, 0.0]","[76.33, 24.1, 99.84, 58.7, -101.49, 179.28, 1.0, 1.0, 0.0]",5.366666666666657,161,0,1872,0
"[76.33, 24.1, 99.84, 58.7, -101.49, 179.28, 1.0, 1.0, 0.0]","[76.02, 23.03, 101.16, 58.52, -101.77, 179.2, 1.0, 1.0, 0.0]",5.399999999999991,162,0,1873,0
"[76.02, 23.03, 101.16, 58.52, -101.77, 179.2, 1.0, 1.0, 0.0]","[75.61, 21.61, 102.93, 58.29, -102.16, 179.1, 1.0, 1.0, 0.0]",5.433333333333324,163,0,1874,0
"[75.61, 21.61, 102.93, 58.29, -102.16, 179.1, 1.0, 1.0, 0.0]","[75.4, 20.91, 103.81, 58.17, -102.35, 179.05, 1.0, 1.0, 0.0]",5.466666666666657,164,0,1875,0
"[75.4, 20.91, 103.81, 58.17, -102.35, 179.05, 1.0, 1.0, 0.0]","[75.09, 19.83, 105.15, 58.0, -102.65, 178.98, 1.0, 1.0, 0.0]",5.49999999999999,165,0,1876,0
"[75.09, 19.83, 105.15, 58.0, -102.65, 178.98, 1.0, 1.0, 0.0]","[74.78, 18.76, 106.49, 57.82, -102.94, 178.9, 1.0, 1.0, 0.0]",5.5333333333333234,166,0,1877,0
"[74.78, 18.76, 106.49, 57.82, -102.94, 178.9, 1.0, 1.0, 0.0]","[74.47, 17.69, 107.83, 57.64, -103.23, 178.82, 1.0, 1.0, 0.0]",5.566666666666657,167,0,1878,0
"[74.47, 17.69, 107.83, 57.64, -103.23, 178.82, 1.0, 1.0, 0.0]","[74.26, 16.98, 108.71, 57.53, -103.42, 178.78, 1.0, 1.0, 0.0]",5.59999999999999,168,0,1879,0
"[74.26, 16.98, 108.71, 57.53, -103.42, 178.78, 1.0, 1.0, 0.0]","[73.84, 15.54, 110.5, 57.29, -103.82, 178.67, 1.0, 1.0, 0.0]",5.633333333333323,169,0,1880,0
"[73.84, 15.54, 110.5, 57.29, -103.82, 178.67, 1.0, 1.0, 0.0]","[73.53, 14.49, 111.81, 57.12, -104.1, 178.6, 1.0, 1.0, 0.0]",5.666666666666656,170,0,1881,0
"[73.53, 14.49, 111.81, 57.12, -104.1, 178.6, 1.0, 1.0, 0.0]","[73.32, 13.76, 112.72, 57.0, -104.3, 178.55, 1.0, 1.0, 0.0]",5.6999999999999895,171,0,1882,0
"[73.32, 13.76, 112.72, 57.0, -104.3, 178.55, 1.0, 1.0, 0.0]","[72.91, 12.34, 114.48, 56.76, -104.69, 178.45, 1.0, 1.0, 0.0]",5.733333333333323,172,0,1883,0
"[72.91, 12.34, 114.48, 56.76, -104.69, 178.45, 1.0, 1.0, 0.0]","[72.59, 11.27, 115.82, 56.58, -104.98, 178.37, 1.0, 1.0, 0.0]",5.766666666666656,173,0,1884,0
"[72.59, 11.27, 115.82, 56.58, -104.98, 178.37, 1.0, 1.0, 0.0]","[72.39, 10.56, 116.7, 56.47, -105.18, 178.32, 1.0, 1.0, 0.0]",5.799999999999989,174,0,1885,0
"[72.39, 10.56, 116.7, 56.47, -105.18, 178.32, 1.0, 1.0, 0.0]","[72.07, 9.49, 118.04, 56.29, -105.47, 178.25, 1.0, 1.0, 0.0]",5.833333333333322,175,0,1886,0
"[72.07, 9.49, 118.04, 56.29, -105.47, 178.25, 1.0, 1.0, 0.0]","[71.76, 8.42, 119.37, 56.12, -105.76, 178.17, 1.0, 1.0, 0.0]",5.866666666666656,176,0,1887,0
"[71.76, 8.42, 119.37, 56.12, -105.76, 178.17, 1.0, 1.0, 0.0]","[71.47, 7.43, 120.6, 55.95, -106.03, 178.1, 1.0, 1.0, 0.0]",5.899999999999989,177,0,1888,0
"[71.47, 7.43, 120.6, 55.95, -106.03, 178.1, 1.0, 1.0, 0.0]","[71.23, 6.61, 121.62, 55.82, -106.26, 178.04, 1.0, 1.0, 0.0]",5.933333333333322,178,0,1889,0
"[71.23, 6.61, 121.62, 55.82, -106.26, 178.04, 1.0, 1.0, 0.0]","[71.08, 6.07, 122.3, 55.73, -106.4, 178.01, 1.0, 1.0, 0.0]",5.966666666666655,179,0,1890,0
"[71.08, 6.07, 122.3, 55.73, -106.4, 178.01, 1.0, 1.0, 0.0]","[71.02, 5.87, 122.55, 55.7, -106.46, 177.99, 1.0, 1.0, 0.0]",5.9999999999999885,180,0,1891,0
"[71.02, 5.87, 122.55, 55.7, -106.46, 177.99, 1.0, 1.0, 0.0]","[70.98, 5.73, 122.72, 55.68, -106.5, 177.98, 1.0, 1.0, 0.0]",6.033333333333322,181,0,1892,0
"[70.98, 5.73, 122.72, 55.68, -106.5, 177.98, 1.0, 1.0, 0.0]","[70.98, 5.72, 122.73, 55.67, -106.5, 177.98, 1.0, 1.0, 0.0]",6.066666666666655,182,0,1893,0
"[70.98, 5.72, 122.73, 55.67, -106.5, 177.98, 1.0, 1.0, 0.0]","[70.99, 5.71, 122.71, 55.72, -106.48, 177.99, 1.0, 1.0, 0.0]",6.099999999999988,183,0,1894,0
"[70.99, 5.71, 122.71, 55.72, -106.48, 177.99, 1.0, 1.0, 0.0]","[71.02, 5.69, 122.68, 55.83, -106.44, 178.01, 1.0, 1.0, 0.0]",6.133333333333321,184,0,1895,0
"[71.02, 5.69, 122.68, 55.83, -106.44, 178.01, 1.0, 1.0, 0.0]","[71.12, 5.59, 122.57, 56.23, -106.28, 178.07, 1.0, 1.0, 0.0]",6.1666666666666545,185,0,1896,0
"[71.12, 5.59, 122.57, 56.23, -106.28, 178.07, 1.0, 1.0, 0.0]","[71.32, 5.41, 122.36, 56.96, -105.99, 178.19, 1.0, 1.0, 0.0]",6.199999999999988,186,0,1897,0
"[71.32, 5.41, 122.36, 56.96, -105.99, 178.19, 1.0, 1.0, 0.0]","[71.48, 5.25, 122.19, 57.59, -105.74, 178.29, 1.0, 1.0, 0.0]",6.233333333333321,187,0,1898,0
"[71.48, 5.25, 122.19, 57.59, -105.74, 178.29, 1.0, 1.0, 0.0]","[71.86, 4.9, 121.78, 59.04, -105.16, 178.53, 1.0, 1.0, 0.0]",6.266666666666654,188,0,1899,0
"[71.86, 4.9, 121.78, 59.04, -105.16, 178.53, 1.0, 1.0, 0.0]","[72.15, 4.62, 121.47, 60.15, -104.72, 178.71, 1.0, 1.0, 0.0]",6.299999999999987,189,0,1900,0
"[72.15, 4.62, 121.47, 60.15, -104.72, 178.71, 1.0, 1.0, 0.0]","[72.35, 4.44, 121.27, 60.88, -104.43, 178.83, 1.0, 1.0, 0.0]",6.333333333333321,190,0,1901,0
"[72.35, 4.44, 121.27, 60.88, -104.43, 178.83, 1.0, 1.0, 0.0]","[72.73, 4.08, 120.86, 62.35, -103.85, 179.07, 1.0, 1.0, 0.0]",6.366666666666654,191,0,1902,0
"[72.73, 4.08, 120.86, 62.35, -103.85, 179.07, 1.0, 1.0, 0.0]","[72.93, 3.89, 120.65, 63.1, -103.54, 179.19, 1.0, 1.0, 0.0]",6.399999999999987,192,0,1903,0
"[72.93, 3.89, 120.65, 63.1, -103.54, 179.19, 1.0, 1.0, 0.0]","[73.13, 3.71, 120.45, 63.84, -103.25, 179.31, 1.0, 1.0, 0.0]",6.43333333333332,193,0,1904,0
"[73.13, 3.71, 120.45, 63.84, -103.25, 179.31, 1.0, 1.0, 0.0]","[73.42, 3.44, 120.14, 64.95, -102.81, 179.49, 1.0, 1.0, 0.0]",6.4666666666666535,194,0,1905,0
"[73.42, 3.44, 120.14, 64.95, -102.81, 179.49, 1.0, 1.0, 0.0]","[73.71, 3.16, 119.83, 66.06, -102.37, 179.67, 1.0, 1.0, 0.0]",6.499999999999987,195,0,1906,0
"[73.71, 3.16, 119.83, 66.06, -102.37, 179.67, 1.0, 1.0, 0.0]","[74.1, 2.8, 119.42, 67.52, -101.79, 179.91, 1.0, 1.0, 0.0]",6.53333333333332,196,0,1907,0
"[74.1, 2.8, 119.42, 67.52, -101.79, 179.91, 1.0, 1.0, 0.0]","[74.39, 2.53, 119.11, 68.63, -101.35, 180.09, 1.0, 1.0, 0.0]",6.566666666666653,197,0,1908,0
"[74.39, 2.53, 119.11, 68.63, -101.35, 180.09, 1.0, 1.0, 0.0]","[74.68, 2.25, 118.8, 69.75, -100.91, 180.27, 1.0, 1.0, 0.0]",6.599999999999986,198,0,1909,0
"[74.68, 2.25, 118.8, 69.75, -100.91, 180.27, 1.0, 1.0, 0.0]","[74.98, 1.98, 118.49, 70.85, -100.46, 180.45, 1.0, 1.0, 0.0]",6.6333333333333195,199,0,1910,0
"[74.98, 1.98, 118.49, 70.85, -100.46, 180.45, 1.0, 1.0, 0.0]","[75.17, 1.8, 118.28, 71.59, -100.17, 180.57, 1.0, 1.0, 0.0]",6.666666666666653,200,0,1911,0
"[75.17, 1.8, 118.28, 71.59, -100.17, 180.57, 1.0, 1.0, 0.0]","[75.46, 1.53, 117.97, 72.7, -99.73, 180.75, 1.0, 1.0, 0.0]",6.699999999999986,201,0,1912,0
"[75.46, 1.53, 117.97, 72.7, -99.73, 180.75, 1.0, 1.0, 0.0]","[75.75, 1.25, 117.66, 73.81, -99.29, 180.93, 1.0, 1.0, 0.0]",6.733333333333319,202,0,1913,0
"[75.75, 1.25, 117.66, 73.81, -99.29, 180.93, 1.0, 1.0, 0.0]","[76.05, 0.98, 117.35, 74.92, -98.85, 181.11, 1.0, 1.0, 0.0]",6.766666666666652,203,0,1914,0
"[76.05, 0.98, 117.35, 74.92, -98.85, 181.11, 1.0, 1.0, 0.0]","[76.33, 0.71, 117.05, 76.01, -98.41, 181.28, 1.0, 1.0, 0.0]",6.799999999999986,204,0,1915,0
"[76.33, 0.71, 117.05, 76.01, -98.41, 181.28, 1.0, 1.0, 0.0]","[76.53, 0.52, 116.84, 76.76, -98.12, 181.4, 1.0, 1.0, 0.0]",6.833333333333319,205,0,1916,0
"[76.53, 0.52, 116.84, 76.76, -98.12, 181.4, 1.0, 1.0, 0.0]","[76.82, 0.25, 116.53, 77.85, -97.68, 181.58, 1.0, 1.0, 0.0]",6.866666666666652,206,0,1917,0
"[76.82, 0.25, 116.53, 77.85, -97.68, 181.58, 1.0, 1.0, 0.0]","[77.21, -0.11, 116.12, 79.34, -97.09, 181.82, 1.0, 1.0, 0.0]",6.899999999999985,207,0,1918,0
"[77.21, -0.11, 116.12, 79.34, -97.09, 181.82, 1.0, 1.0, 0.0]","[77.5, -0.39, 115.81, 80.45, -96.65, 182.0, 1.0, 1.0, 0.0]",6.9333333333333185,208,0,1919,0
"[77.5, -0.39, 115.81, 80.45, -96.65, 182.0, 1.0, 1.0, 0.0]","[77.79, -0.66, 115.5, 81.56, -96.21, 182.18, 1.0, 1.0, 0.0]",6.966666666666652,209,0,1920,0
"[77.79, -0.66, 115.5, 81.56, -96.21, 182.18, 1.0, 1.0, 0.0]","[77.99, -0.84, 115.29, 82.29, -95.92, 182.3, 1.0, 1.0, 0.0]",6.999999999999985,210,0,1921,0
"[77.99, -0.84, 115.29, 82.29, -95.92, 182.3, 1.0, 1.0, 0.0]","[78.18, -1.02, 115.09, 83.03, -95.62, 182.42, 1.0, 1.0, 0.0]",7.033333333333318,211,0,1922,0
"[78.18, -1.02, 115.09, 83.03, -95.62, 182.42, 1.0, 1.0, 0.0]","[78.57, -1.39, 114.68, 84.51, -95.03, 182.66, 1.0, 1.0, 0.0]",7.066666666666651,212,0,1923,0
"[78.57, -1.39, 114.68, 84.51, -95.03, 182.66, 1.0, 1.0, 0.0]","[78.86, -1.66, 114.37, 85.63, -94.59, 182.84, 1.0, 1.0, 0.0]",7.0999999999999845,213,0,1924,0
"[78.86, -1.66, 114.37, 85.63, -94.59, 182.84, 1.0, 1.0, 0.0]","[79.06, -1.85, 114.15, 86.38, -94.29, 182.96, 1.0, 1.0, 0.0]",7.133333333333318,214,0,1925,0
"[79.06, -1.85, 114.15, 86.38, -94.29, 182.96, 1.0, 1.0, 0.0]","[79.44, -2.21, 113.75, 87.82, -93.72, 183.2, 1.0, 1.0, 0.0]",7.166666666666651,215,0,1926,0
"[79.44, -2.21, 113.75, 87.82, -93.72, 183.2, 1.0, 1.0, 0.0]","[79.64, -2.39, 113.55, 88.56, -93.42, 183.32, 1.0, 1.0, 0.0]",7.199999999999984,216,0,1927,0
"[79.64, -2.39, 113.55, 88.56, -93.42, 183.32, 1.0, 1.0, 0.0]","[79.93, -2.66, 113.24, 89.67, -92.98, 183.5, 1.0, 1.0, 0.0]",7.233333333333317,217,0,1928,0
"[79.93, -2.66, 113.24, 89.67, -92.98, 183.5, 1.0, 1.0, 0.0]","[80.22, -2.94, 112.93, 90.78, -92.54, 183.68, 1.0, 1.0, 0.0]",7.266666666666651,218,0,1929,0
"[80.22, -2.94, 112.93, 90.78, -92.54, 183.68, 1.0, 1.0, 0.0]","[80.41, -3.12, 112.72, 91.51, -92.25, 183.8, 1.0, 1.0, 0.0]",7.299999999999984,219,0,1930,0
"[80.41, -3.12, 112.72, 91.51, -92.25, 183.8, 1.0, 1.0, 0.0]","[80.81, -3.48, 112.31, 93.0, -91.66, 184.04, 1.0, 1.0, 0.0]",7.333333333333317,220,0,1931,0
"[80.81, -3.48, 112.31, 93.0, -91.66, 184.04, 1.0, 1.0, 0.0]","[81.0, -3.67, 112.1, 93.73, -91.37, 184.16, 1.0, 1.0, 0.0]",7.36666666666665,221,0,1932,0
"[81.0, -3.67, 112.1, 93.73, -91.37, 184.16, 1.0, 1.0, 0.0]","[81.29, -3.94, 111.79, 94.84, -90.93, 184.33, 1.0, 1.0, 0.0]",7.3999999999999835,222,0,1933,0
"[81.29, -3.94, 111.79, 94.84, -90.93, 184.33, 1.0, 1.0, 0.0]","[81.68, -4.31, 111.38, 96.33, -90.34, 184.58, 1.0, 1.0, 0.0]",7.433333333333317,223,0,1934,0
"[81.68, -4.31, 111.38, 96.33, -90.34, 184.58, 1.0, 1.0, 0.0]","[81.88, -4.49, 111.17, 97.06, -90.04, 184.69, 1.0, 1.0, 0.0]",7.46666666666665,224,0,1935,0
"[81.88, -4.49, 111.17, 97.06, -90.04, 184.69, 1.0, 1.0, 0.0]","[82.26, -4.85, 110.76, 98.53, -89.46, 184.93, 1.0, 1.0, 0.0]",7.499999999999983,225,0,1936,0
"[82.26, -4.85, 110.76, 98.53, -89.46, 184.93, 1.0, 1.0, 0.0]","[82.56, -5.13, 110.45, 99.66, -89.01, 185.12, 1.0, 1.0, 0.0]",7.533333333333316,226,0,1937,0
"[82.56, -5.13, 110.45, 99.66, -89.01, 185.12, 1.0, 1.0, 0.0]","[82.75, -5.3, 110.25, 100.37, -88.73, 185.23, 1.0, 1.0, 0.0]",7.5666666666666496,227,0,1938,0
"[82.75, -5.3, 110.25, 100.37, -88.73, 185.23, 1.0, 1.0, 0.0]","[82.95, -5.49, 110.04, 101.13, -88.43, 185.35, 1.0, 1.0, 0.0]",7.599999999999983,228,0,1939,0
"[82.95, -5.49, 110.04, 101.13, -88.43, 185.35, 1.0, 1.0, 0.0]","[83.32, -5.83, 109.61, 102.58, -87.88, 185.59, 1.0, 1.0, 0.0]",7.633333333333316,229,0,1940,0
"[83.32, -5.83, 109.61, 102.58, -87.88, 185.59, 1.0, 1.0, 0.0]","[83.5, -5.97, 109.36, 103.31, -87.64, 185.71, 1.0, 1.0, 0.0]",7.666666666666649,230,0,1941,0
"[83.5, -5.97, 109.36, 103.31, -87.64, 185.71, 1.0, 1.0, 0.0]","[83.75, -6.14, 108.93, 104.41, -87.33, 185.9, 1.0, 1.0, 0.0]",7.699999999999982,231,0,1942,0
"[83.75, -6.14, 108.93, 104.41, -87.33, 185.9, 1.0, 1.0, 0.0]","[84.13, -6.32, 108.12, 106.19, -86.97, 186.22, 1.0, 1.0, 0.0]",7.733333333333316,232,0,1943,0
"[84.13, -6.32, 108.12, 106.19, -86.97, 186.22, 1.0, 1.0, 0.0]","[84.34, -6.41, 107.61, 107.24, -86.78, 186.41, 1.0, 1.0, 0.0]",7.766666666666649,233,0,1944,0
"[84.34, -6.41, 107.61, 107.24, -86.78, 186.41, 1.0, 1.0, 0.0]","[84.82, -6.61, 106.44, 109.65, -86.35, 186.84, 1.0, 1.0, 0.0]",7.799999999999982,234,0,1945,0
"[84.82, -6.61, 106.44, 109.65, -86.35, 186.84, 1.0, 1.0, 0.0]","[85.09, -6.71, 105.79, 110.99, -86.12, 187.08, 1.0, 1.0, 0.0]",7.833333333333315,235,0,1946,0
"[85.09, -6.71, 105.79, 110.99, -86.12, 187.08, 1.0, 1.0, 0.0]","[85.36, -6.82, 105.15, 112.3, -85.89, 187.32, 1.0, 1.0, 0.0]",7.8666666666666485,236,0,1947,0
"[85.36, -6.82, 105.15, 112.3, -85.89, 187.32, 1.0, 1.0, 0.0]","[85.76, -6.98, 104.18, 114.29, -85.53, 187.68, 1.0, 1.0, 0.0]",7.899999999999982,237,0,1948,0
"[85.76, -6.98, 104.18, 114.29, -85.53, 187.68, 1.0, 1.0, 0.0]","[86.29, -7.19, 102.91, 116.91, -85.07, 188.15, 1.0, 1.0, 0.0]",7.933333333333315,238,0,1949,0
"[86.29, -7.19, 102.91, 116.91, -85.07, 188.15, 1.0, 1.0, 0.0]","[86.69, -7.35, 101.94, 118.9, -84.72, 188.51, 1.0, 1.0, 0.0]",7.966666666666648,239,0,1950,0
"[86.69, -7.35, 101.94, 118.9, -84.72, 188.51, 1.0, 1.0, 0.0]","[86.95, -7.46, 101.31, 120.21, -84.49, 188.74, 1.0, 1.0, 0.0]",7.999999999999981,240,0,1951,0
"[86.95, -7.46, 101.31, 120.21, -84.49, 188.74, 1.0, 1.0, 0.0]","[87.49, -7.68, 100.02, 122.87, -84.02, 189.22, 1.0, 1.0, 0.0]",8.033333333333315,241,0,1952,0
"[87.49, -7.68, 100.02, 122.87, -84.02, 189.22, 1.0, 1.0, 0.0]","[87.89, -7.84, 99.05, 124.86, -83.66, 189.58, 1.0, 1.0, 0.0]",8.066666666666649,242,0,1953,0
"[87.89, -7.84, 99.05, 124.86, -83.66, 189.58, 1.0, 1.0, 0.0]","[88.16, -7.94, 98.41, 126.17, -83.43, 189.81, 1.0, 1.0, 0.0]",8.099999999999982,243,0,1954,0
"[88.16, -7.94, 98.41, 126.17, -83.43, 189.81, 1.0, 1.0, 0.0]","[88.42, -8.05, 97.78, 127.48, -83.2, 190.05, 1.0, 1.0, 0.0]",8.133333333333315,244,0,1955,0
"[88.42, -8.05, 97.78, 127.48, -83.2, 190.05, 1.0, 1.0, 0.0]","[88.82, -8.21, 96.81, 129.47, -82.85, 190.4, 1.0, 1.0, 0.0]",8.166666666666648,245,0,1956,0
"[88.82, -8.21, 96.81, 129.47, -82.85, 190.4, 1.0, 1.0, 0.0]","[89.22, -8.37, 95.85, 131.46, -82.5, 190.76, 1.0, 1.0, 0.0]",8.199999999999982,246,0,1957,0
"[89.22, -8.37, 95.85, 131.46, -82.5, 190.76, 1.0, 1.0, 0.0]","[89.62, -8.53, 94.88, 133.44, -82.14, 191.12, 1.0, 1.0, 0.0]",8.233333333333315,247,0,1958,0
"[89.62, -8.53, 94.88, 133.44, -82.14, 191.12, 1.0, 1.0, 0.0]","[90.02, -8.69, 93.92, 135.43, -81.79, 191.48, 1.0, 1.0, 0.0]",8.266666666666648,248,0,1959,0
"[90.02, -8.69, 93.92, 135.43, -81.79, 191.48, 1.0, 1.0, 0.0]","[90.55, -8.9, 92.65, 138.05, -81.33, 191.95, 1.0, 1.0, 0.0]",8.299999999999981,249,0,1960,0
"[90.55, -8.9, 92.65, 138.05, -81.33, 191.95, 1.0, 1.0, 0.0]","[90.82, -9.01, 92.01, 139.36, -81.1, 192.18, 1.0, 1.0, 0.0]",8.333333333333314,250,0,1961,0
"[90.82, -9.01, 92.01, 139.36, -81.1, 192.18, 1.0, 1.0, 0.0]","[91.22, -9.17, 91.05, 141.35, -80.75, 192.54, 1.0, 1.0, 0.0]",8.366666666666648,251,0,1962,0
"[91.22, -9.17, 91.05, 141.35, -80.75, 192.54, 1.0, 1.0, 0.0]","[91.62, -9.33, 90.08, 143.34, -80.4, 192.9, 1.0, 1.0, 0.0]",8.39999999999998,252,0,1963,0
"[91.62, -9.33, 90.08, 143.34, -80.4, 192.9, 1.0, 1.0, 0.0]","[92.02, -9.49, 89.12, 145.33, -80.04, 193.25, 1.0, 1.0, 0.0]",8.433333333333314,253,0,1964,0
"[92.02, -9.49, 89.12, 145.33, -80.04, 193.25, 1.0, 1.0, 0.0]","[92.42, -9.65, 88.15, 147.31, -79.69, 193.61, 1.0, 1.0, 0.0]",8.466666666666647,254,0,1965,0
"[92.42, -9.65, 88.15, 147.31, -79.69, 193.61, 1.0, 1.0, 0.0]","[92.82, -9.82, 87.19, 149.3, -79.34, 193.97, 1.0, 1.0, 0.0]",8.49999999999998,255,0,1966,0
"[92.82, -9.82, 87.19, 149.3, -79.34, 193.97, 1.0, 1.0, 0.0]","[93.22, -9.98, 86.22, 151.29, -78.99, 194.32, 1.0, 1.0, 0.0]",8.533333333333314,256,0,1967,0
"[93.22, -9.98, 86.22, 151.29, -78.99, 194.32, 1.0, 1.0, 0.0]","[93.61, -10.13, 85.28, 153.23, -78.65, 194.67, 1.0, 1.0, 0.0]",8.566666666666647,257,0,1968,0
"[93.61, -10.13, 85.28, 153.23, -78.65, 194.67, 1.0, 1.0, 0.0]","[93.88, -10.24, 84.62, 154.59, -78.41, 194.92, 1.0, 1.0, 0.0]",8.59999999999998,258,0,1969,0
"[93.88, -10.24, 84.62, 154.59, -78.41, 194.92, 1.0, 1.0, 0.0]","[94.29, -10.4, 83.66, 156.57, -78.06, 195.28, 1.0, 1.0, 0.0]",8.633333333333313,259,0,1970,0
"[94.29, -10.4, 83.66, 156.57, -78.06, 195.28, 1.0, 1.0, 0.0]","[94.68, -10.56, 82.71, 158.52, -77.71, 195.63, 1.0, 1.0, 0.0]",8.666666666666647,260,0,1971,0
"[94.68, -10.56, 82.71, 158.52, -77.71, 195.63, 1.0, 1.0, 0.0]","[94.95, -10.67, 82.06, 159.87, -77.47, 195.87, 1.0, 1.0, 0.0]",8.69999999999998,261,0,1972,0
"[94.95, -10.67, 82.06, 159.87, -77.47, 195.87, 1.0, 1.0, 0.0]","[95.48, -10.88, 80.78, 162.5, -77.01, 196.34, 1.0, 1.0, 0.0]",8.733333333333313,262,0,1973,0
"[95.48, -10.88, 80.78, 162.5, -77.01, 196.34, 1.0, 1.0, 0.0]","[95.88, -11.04, 79.82, 164.48, -76.66, 196.7, 1.0, 1.0, 0.0]",8.766666666666646,263,0,1974,0
"[95.88, -11.04, 79.82, 164.48, -76.66, 196.7, 1.0, 1.0, 0.0]","[96.28, -11.2, 78.86, 166.47, -76.3, 197.05, 1.0, 1.0, 0.0]",8.79999999999998,264,0,1975,0
"[96.28, -11.2, 78.86, 166.47, -76.3, 197.05, 1.0, 1.0, 0.0]","[96.68, -11.37, 77.89, 168.46, -75.95, 197.41, 1.0, 1.0, 0.0]",8.833333333333313,265,0,1976,0
"[96.68, -11.37, 77.89, 168.46, -75.95, 197.41, 1.0, 1.0, 0.0]","[96.94, -11.47, 77.26, 169.75, -75.72, 197.64, 1.0, 1.0, 0.0]",8.866666666666646,266,0,1977,0
"[96.94, -11.47, 77.26, 169.75, -75.72, 197.64, 1.0, 1.0, 0.0]","[97.32, -11.62, 76.35, 171.62, -75.39, 197.98, 1.0, 1.0, 0.0]",8.899999999999979,267,0,1978,0
"[97.32, -11.62, 76.35, 171.62, -75.39, 197.98, 1.0, 1.0, 0.0]","[97.65, -11.75, 75.57, 173.24, -75.11, 198.27, 1.0, 1.0, 0.0]",8.933333333333312,268,0,1979,0
"[97.65, -11.75, 75.57, 173.24, -75.11, 198.27, 1.0, 1.0, 0.0]","[97.89, -11.85, 74.97, 174.47, -74.89, 198.49, 1.0, 1.0, 0.0]",8.966666666666645,269,0,1980,0
"[97.89, -11.85, 74.97, 174.47, -74.89, 198.49, 1.0, 1.0, 0.0]","[98.05, -11.91, 74.6, 175.23, -74.76, 198.62, 1.0, 1.0, 0.0]",8.999999999999979,270,0,1981,0
"[98.05, -11.91, 74.6, 175.23, -74.76, 198.62, 1.0, 1.0, 0.0]","[98.12, -11.94, 74.42, 175.59, -74.69, 198.69, 1.0, 1.0, 0.0]",9.033333333333312,271,0,1982,0
"[98.12, -11.94, 74.42, 175.59, -74.69, 198.69, 1.0, 1.0, 0.0]","[98.14, -11.95, 74.37, 175.72, -74.67, 198.71, 1.0, 1.0, 0.0]",9.066666666666645,272,0,1983,0
"[98.14, -11.95, 74.37, 175.72, -74.67, 198.71, 1.0, 1.0, 0.0]","[98.15, -11.95, 74.36, 175.73, -74.67, 198.71, 1.0, 1.0, 0.0]",9.099999999999978,273,0,1984,0
"[98.15, -11.95, 74.36, 175.73, -74.67, 198.71, 1.0, 1.0, 0.0]","[98.15, -11.95, 74.36, 175.73, -74.67, 198.71, 1.0, 1.0, 0.0]",9.133333333333312,274,0,1985,0
"[98.15, -11.95, 74.36, 175.73, -74.67, 198.71, 1.0, 1.0, 0.0]","[98.15, -11.95, 74.36, 175.73, -74.67, 198.71, 1.0, 1.0, 0.0]",9.166666666666645,275,0,1986,0
"[98.15, -11.95, 74.36, 175.73, -74.67, 198.71, 1.0, 1.0, 0.0]","[98.15, -11.95, 74.36, 175.73, -74.67, 198.71, 1.0, 1.0, 0.0]",9.199999999999978,276,0,1987,0
"[98.15, -11.95, 74.36, 175.73, -74.67, 198.71, 1.0, 1.0, 0.0]","[98.15, -11.95, 74.36, 175.73, -74.67, 198.71, 1.0, 1.0, 0.0]",9.233333333333311,277,0,1988,0
"[98.15, -11.95, 74.36, 175.73, -74.67, 198.71, 1.0, 1.0, 0.0]","[98.15, -11.95, 74.36, 175.73, -74.67, 198.71, 1.0, 1.0, 0.0]",9.266666666666644,278,0,1989,0
"[98.15, -11.95, 74.36, 175.73, -74.67, 198.71, 1.0, 1.0, 0.0]","[98.15, -11.95, 74.36, 175.73, -74.67, 198.71, 1.0, 1.0, 0.0]",9.299999999999978,279,0,1990,0
"[98.15, -11.95, 74.36, 175.73, -74.67, 198.71, 1.0, 1.0, 0.0]","[98.15, -11.95, 74.36, 175.73, -74.67, 198.71, 1.0, 1.0, 0.0]",9.33333333333331,280,0,1991,0
"[98.15, -11.95, 74.36, 175.73, -74.67, 198.71, 1.0, 1.0, 0.0]","[98.15, -11.95, 74.36, 175.73, -74.67, 198.71, 1.0, 1.0, 0.0]",9.366666666666644,281,0,1992,0
"[98.15, -11.95, 74.36, 175.73, -74.67, 198.71, 1.0, 1.0, 0.0]","[98.15, -11.95, 74.36, 175.73, -74.67, 198.71, 1.0, 1.0, 0.0]",9.399999999999977,282,0,1993,0
"[98.15, -11.95, 74.36, 175.73, -74.67, 198.71, 1.0, 1.0, 0.0]","[98.15, -11.95, 74.36, 175.73, -74.67, 198.71, 1.0, 1.0, 0.0]",9.43333333333331,283,0,1994,0
"[98.15, -11.95, 74.36, 175.73, -74.67, 198.71, 1.0, 1.0, 0.0]","[98.15, -11.95, 74.36, 175.73, -74.67, 198.71, 1.0, 1.0, 0.0]",9.466666666666644,284,0,1995,0
"[98.15, -11.95, 74.36, 175.73, -74.67, 198.71, 1.0, 1.0, 0.0]","[98.15, -11.95, 74.36, 175.73, -74.67, 198.71, 1.0, 1.0, 0.0]",9.499999999999977,285,0,1996,0
"[98.15, -11.95, 74.36, 175.73, -74.67, 198.71, 1.0, 1.0, 0.0]","[98.15, -11.95, 74.36, 175.73, -74.67, 198.71, 1.0, 1.0, 0.0]",9.53333333333331,286,0,1997,0
"[98.15, -11.95, 74.36, 175.73, -74.67, 198.71, 1.0, 1.0, 0.0]","[98.15, -11.95, 74.36, 175.73, -74.67, 198.71, 1.0, 1.0, 0.0]",9.566666666666643,287,0,1998,0
"[98.15, -11.95, 74.36, 175.73, -74.67, 198.71, 1.0, 1.0, 0.0]","[98.15, -11.95, 74.36, 175.73, -74.67, 198.71, 1.0, 1.0, 0.0]",9.599999999999977,288,0,1999,0
"[98.15, -11.95, 74.36, 175.73, -74.67, 198.71, 1.0, 1.0, 0.0]","[98.15, -11.95, 74.36, 175.73, -74.67, 198.71, 1.0, 1.0, 0.0]",9.63333333333331,289,0,2000,0
"[98.15, -11.95, 74.36, 175.73, -74.67, 198.71, 1.0, 1.0, 0.0]","[98.15, -11.95, 74.36, 175.73, -74.67, 198.71, 1.0, 1.0, 0.0]",9.666666666666643,290,0,2001,0
"[98.15, -11.95, 74.36, 175.73, -74.67, 198.71, 1.0, 1.0, 0.0]","[98.15, -11.95, 74.36, 175.73, -74.67, 198.71, 1.0, 1.0, 0.0]",9.699999999999976,291,0,2002,0
"[98.15, -11.95, 74.36, 175.73, -74.67, 198.71, 1.0, 1.0, 0.0]","[98.15, -11.95, 74.36, 175.73, -74.67, 198.71, 1.0, 1.0, 0.0]",9.73333333333331,292,0,2003,0
"[98.15, -11.95, 74.36, 175.73, -74.67, 198.71, 1.0, 1.0, 0.0]","[98.15, -11.95, 74.36, 175.73, -74.67, 198.71, 1.0, 1.0, 0.0]",9.766666666666643,293,0,2004,0
"[98.15, -11.95, 74.36, 175.73, -74.67, 198.71, 1.0, 1.0, 0.0]","[98.15, -11.95, 74.36, 175.73, -74.67, 198.71, 1.0, 1.0, 0.0]",9.799999999999976,294,0,2005,0
"[98.15, -11.95, 74.36, 175.73, -74.67, 198.71, 1.0, 1.0, 0.0]","[98.15, -11.95, 74.36, 175.73, -74.67, 198.71, 1.0, 1.0, 0.0]",9.833333333333309,295,0,2006,0
"[98.15, -11.95, 74.36, 175.73, -74.67, 198.71, 1.0, 1.0, 0.0]","[98.15, -11.95, 74.36, 175.73, -74.67, 198.71, 1.0, 1.0, 0.0]",9.866666666666642,296,0,2007,0
"[98.15, -11.95, 74.36, 175.73, -74.67, 198.71, 1.0, 1.0, 0.0]","[98.15, -11.95, 74.36, 175.73, -74.67, 198.71, 1.0, 1.0, 0.0]",9.899999999999975,297,0,2008,0
"[98.15, -11.95, 74.36, 175.73, -74.67, 198.71, 1.0, 1.0, 0.0]","[98.15, -11.95, 74.36, 175.73, -74.67, 198.71, 1.0, 1.0, 0.0]",9.933333333333309,298,0,2009,0
"[98.15, -11.95, 74.36, 175.73, -74.67, 198.71, 1.0, 1.0, 0.0]","[98.15, -11.95, 74.36, 175.73, -74.67, 198.71, 1.0, 1.0, 0.0]",9.966666666666642,299,0,2010,0
