observation.state,action,timestamp,frame_index,episode_index,index,task_index
"[95.0, -42.83, 116.84, 114.58, -71.24, 184.29, 1.0, 0.0, 0.0]","[95.0, -42.83, 116.84, 114.58, -71.24, 184.29, 1.0, 0.0, 0.0]",4.59999999999999,138,0,12213,0
"[95.0, -42.83, 116.84, 114.58, -71.24, 184.29, 1.0, 0.0, 0.0]","[95.0, -42.81, 116.83, 114.58, -71.25, 184.24, 1.0, 0.0, 0.0]",4.63333333333333,139,0,12214,0
"[95.0, -42.81, 116.83, 114.58, -71.25, 184.24, 1.0, 0.0, 0.0]","[95.0, -42.68, 116.79, 114.58, -71.33, 183.9, 1.0, 0.0, 0.0]",4.66666666666666,140,0,12215,0
"[95.0, -42.68, 116.79, 114.58, -71.33, 183.9, 1.0, 0.0, 0.0]","[95.0, -42.13, 116.62, 114.59, -71.63, 182.65, 1.0, 0.0, 0.0]",4.69999999999999,141,0,12216,0
"[95.0, -42.13, 116.62, 114.59, -71.63, 182.65, 1.0, 0.0, 0.0]","[95.0, -41.35, 116.41, 114.6, -72.03, 181.02, 1.0, 0.0, 0.0]",4.73333333333333,142,0,12217,0
"[95.0, -41.35, 116.41, 114.6, -72.03, 181.02, 1.0, 0.0, 0.0]","[95.0, -40.33, 116.13, 114.61, -72.55, 178.89, 1.0, 0.0, 0.0]",4.76666666666666,143,0,12218,0
"[95.0, -40.33, 116.13, 114.61, -72.55, 178.89, 1.0, 0.0, 0.0]","[94.99, -39.16, 115.81, 114.62, -73.15, 176.42, 1.0, 0.0, 0.0]",4.79999999999999,144,0,12219,0
"[94.99, -39.16, 115.81, 114.62, -73.15, 176.42, 1.0, 0.0, 0.0]","[94.99, -38.34, 115.58, 114.63, -73.57, 174.69, 1.0, 0.0, 0.0]",4.83333333333333,145,0,12220,0
"[94.99, -38.34, 115.58, 114.63, -73.57, 174.69, 1.0, 0.0, 0.0]","[94.99, -37.55, 115.36, 114.64, -73.98, 173.0, 1.0, 0.0, 0.0]",4.86666666666666,146,0,12221,0
"[94.99, -37.55, 115.36, 114.64, -73.98, 173.0, 1.0, 0.0, 0.0]","[94.99, -35.96, 114.91, 114.66, -74.8, 169.63, 1.0, 0.0, 0.0]",4.89999999999999,147,0,12222,0
"[94.99, -35.96, 114.91, 114.66, -74.8, 169.63, 1.0, 0.0, 0.0]","[94.99, -33.97, 114.35, 114.68, -75.83, 165.39, 1.0, 0.0, 0.0]",4.93333333333333,148,0,12223,0
"[94.99, -33.97, 114.35, 114.68, -75.83, 165.39, 1.0, 0.0, 0.0]","[94.99, -33.15, 114.12, 114.69, -76.26, 163.65, 1.0, 0.0, 0.0]",4.96666666666666,149,0,12224,0
"[94.99, -33.15, 114.12, 114.69, -76.26, 163.65, 1.0, 0.0, 0.0]","[94.99, -31.56, 113.68, 114.7, -77.08, 160.27, 1.0, 0.0, 0.0]",4.99999999999999,150,0,12225,0
"[94.99, -31.56, 113.68, 114.7, -77.08, 160.27, 1.0, 0.0, 0.0]","[94.99, -30.36, 113.34, 114.72, -77.71, 157.72, 1.0, 0.0, 0.0]",5.03333333333333,151,0,12226,0
"[94.99, -30.36, 113.34, 114.72, -77.71, 157.72, 1.0, 0.0, 0.0]","[94.99, -29.16, 113.01, 114.73, -78.33, 155.16, 1.0, 0.0, 0.0]",5.06666666666666,152,0,12227,0
"[94.99, -29.16, 113.01, 114.73, -78.33, 155.16, 1.0, 0.0, 0.0]","[94.99, -28.37, 112.79, 114.74, -78.74, 153.47, 1.0, 0.0, 0.0]",5.09999999999999,153,0,12228,0
"[94.99, -28.37, 112.79, 114.74, -78.74, 153.47, 1.0, 0.0, 0.0]","[94.99, -27.17, 112.45, 114.75, -79.36, 150.91, 1.0, 0.0, 0.0]",5.13333333333333,154,0,12229,0
"[94.99, -27.17, 112.45, 114.75, -79.36, 150.91, 1.0, 0.0, 0.0]","[94.99, -26.37, 112.23, 114.76, -79.77, 149.23, 1.0, 0.0, 0.0]",5.16666666666666,155,0,12230,0
"[94.99, -26.37, 112.23, 114.76, -79.77, 149.23, 1.0, 0.0, 0.0]","[94.99, -24.76, 111.78, 114.78, -80.61, 145.8, 1.0, 0.0, 0.0]",5.19999999999999,156,0,12231,0
"[94.99, -24.76, 111.78, 114.78, -80.61, 145.8, 1.0, 0.0, 0.0]","[94.99, -23.97, 111.55, 114.79, -81.02, 144.11, 1.0, 0.0, 0.0]",5.23333333333332,157,0,12232,0
"[94.99, -23.97, 111.55, 114.79, -81.02, 144.11, 1.0, 0.0, 0.0]","[94.99, -22.38, 111.11, 114.8, -81.84, 140.74, 1.0, 0.0, 0.0]",5.26666666666666,158,0,12233,0
"[94.99, -22.38, 111.11, 114.8, -81.84, 140.74, 1.0, 0.0, 0.0]","[94.98, -21.56, 110.88, 114.81, -82.27, 139.0, 1.0, 0.0, 0.0]",5.29999999999999,159,0,12234,0
"[94.98, -21.56, 110.88, 114.81, -82.27, 139.0, 1.0, 0.0, 0.0]","[94.98, -20.36, 110.54, 114.82, -82.89, 136.44, 1.0, 0.0, 0.0]",5.33333333333332,160,0,12235,0
"[94.98, -20.36, 110.54, 114.82, -82.89, 136.44, 1.0, 0.0, 0.0]","[94.98, -19.16, 110.2, 114.84, -83.52, 133.88, 1.0, 0.0, 0.0]",5.36666666666666,161,0,12236,0
"[94.98, -19.16, 110.2, 114.84, -83.52, 133.88, 1.0, 0.0, 0.0]","[94.98, -18.37, 109.98, 114.85, -83.93, 132.2, 1.0, 0.0, 0.0]",5.39999999999999,162,0,12237,0
"[94.98, -18.37, 109.98, 114.85, -83.93, 132.2, 1.0, 0.0, 0.0]","[94.98, -17.17, 109.64, 114.86, -84.55, 129.64, 1.0, 0.0, 0.0]",5.43333333333332,163,0,12238,0
"[94.98, -17.17, 109.64, 114.86, -84.55, 129.64, 1.0, 0.0, 0.0]","[94.98, -15.58, 109.2, 114.88, -85.37, 126.27, 1.0, 0.0, 0.0]",5.46666666666666,164,0,12239,0
"[94.98, -15.58, 109.2, 114.88, -85.37, 126.27, 1.0, 0.0, 0.0]","[94.98, -14.38, 108.86, 114.89, -86.0, 123.71, 1.0, 0.0, 0.0]",5.49999999999999,165,0,12240,0
"[94.98, -14.38, 108.86, 114.89, -86.0, 123.71, 1.0, 0.0, 0.0]","[94.98, -13.18, 108.53, 114.9, -86.62, 121.15, 1.0, 0.0, 0.0]",5.53333333333332,166,0,12241,0
"[94.98, -13.18, 108.53, 114.9, -86.62, 121.15, 1.0, 0.0, 0.0]","[94.98, -11.97, 108.19, 114.92, -87.24, 118.6, 1.0, 0.0, 0.0]",5.56666666666666,167,0,12242,0
"[94.98, -11.97, 108.19, 114.92, -87.24, 118.6, 1.0, 0.0, 0.0]","[94.99, -10.81, 107.87, 114.93, -87.84, 116.13, 1.0, 0.0, 0.0]",5.59999999999999,168,0,12243,0
"[94.99, -10.81, 107.87, 114.93, -87.84, 116.13, 1.0, 0.0, 0.0]","[95.03, -10.04, 107.67, 114.92, -88.2, 114.55, 1.0, 0.0, 0.0]",5.63333333333332,169,0,12244,0
"[95.03, -10.04, 107.67, 114.92, -88.2, 114.55, 1.0, 0.0, 0.0]","[95.24, -9.06, 107.47, 114.89, -88.53, 112.74, 1.0, 0.0, 0.0]",5.66666666666666,170,0,12245,0
"[95.24, -9.06, 107.47, 114.89, -88.53, 112.74, 1.0, 0.0, 0.0]","[95.5, -8.56, 107.43, 114.83, -88.56, 112.02, 1.0, 0.0, 0.0]",5.69999999999999,171,0,12246,0
"[95.5, -8.56, 107.43, 114.83, -88.56, 112.02, 1.0, 0.0, 0.0]","[96.31, -7.98, 107.56, 114.66, -88.16, 111.86, 1.0, 0.0, 0.0]",5.73333333333332,172,0,12247,0
"[96.31, -7.98, 107.56, 114.66, -88.16, 111.86, 1.0, 0.0, 0.0]","[97.06, -7.84, 107.79, 114.49, -87.59, 112.52, 1.0, 0.0, 0.0]",5.76666666666666,173,0,12248,0
"[97.06, -7.84, 107.79, 114.49, -87.59, 112.52, 1.0, 0.0, 0.0]","[97.82, -7.82, 108.07, 114.31, -86.94, 113.45, 1.0, 0.0, 0.0]",5.79999999999999,174,0,12249,0
"[97.82, -7.82, 108.07, 114.31, -86.94, 113.45, 1.0, 0.0, 0.0]","[98.33, -7.82, 108.25, 114.2, -86.51, 114.09, 1.0, 0.0, 0.0]",5.83333333333332,175,0,12250,0
"[98.33, -7.82, 108.25, 114.2, -86.51, 114.09, 1.0, 0.0, 0.0]","[99.1, -7.82, 108.53, 114.03, -85.85, 115.07, 1.0, 0.0, 0.0]",5.86666666666666,176,0,12251,0
"[99.1, -7.82, 108.53, 114.03, -85.85, 115.07, 1.0, 0.0, 0.0]","[99.6, -7.82, 108.72, 113.91, -85.41, 115.72, 1.0, 0.0, 0.0]",5.89999999999999,177,0,12252,0
"[99.6, -7.82, 108.72, 113.91, -85.41, 115.72, 1.0, 0.0, 0.0]","[100.87, -7.82, 109.18, 113.62, -84.32, 117.34, 1.0, 0.0, 0.0]",5.93333333333332,178,0,12253,0
"[100.87, -7.82, 109.18, 113.62, -84.32, 117.34, 1.0, 0.0, 0.0]","[101.64, -7.82, 109.46, 113.45, -83.66, 118.32, 1.0, 0.0, 0.0]",5.96666666666666,179,0,12254,0
"[101.64, -7.82, 109.46, 113.45, -83.66, 118.32, 1.0, 0.0, 0.0]","[102.4, -7.82, 109.74, 113.28, -83.0, 119.29, 1.0, 0.0, 0.0]",5.99999999999999,180,0,12255,0
"[102.4, -7.82, 109.74, 113.28, -83.0, 119.29, 1.0, 0.0, 0.0]","[102.9, -7.82, 109.93, 113.16, -82.57, 119.93, 1.0, 0.0, 0.0]",6.03333333333332,181,0,12256,0
"[102.9, -7.82, 109.93, 113.16, -82.57, 119.93, 1.0, 0.0, 0.0]","[103.67, -7.82, 110.21, 112.99, -81.91, 120.9, 1.0, 0.0, 0.0]",6.06666666666666,182,0,12257,0
"[103.67, -7.82, 110.21, 112.99, -81.91, 120.9, 1.0, 0.0, 0.0]","[104.69, -7.82, 110.58, 112.76, -81.03, 122.21, 1.0, 0.0, 0.0]",6.09999999999999,183,0,12258,0
"[104.69, -7.82, 110.58, 112.76, -81.03, 122.21, 1.0, 0.0, 0.0]","[105.46, -7.82, 110.86, 112.58, -80.37, 123.18, 1.0, 0.0, 0.0]",6.13333333333332,184,0,12259,0
"[105.46, -7.82, 110.86, 112.58, -80.37, 123.18, 1.0, 0.0, 0.0]","[106.22, -7.82, 111.14, 112.41, -79.71, 124.15, 1.0, 0.0, 0.0]",6.16666666666665,185,0,12260,0
"[106.22, -7.82, 111.14, 112.41, -79.71, 124.15, 1.0, 0.0, 0.0]","[106.73, -7.82, 111.32, 112.29, -79.27, 124.79, 1.0, 0.0, 0.0]",6.19999999999999,186,0,12261,0
"[106.73, -7.82, 111.32, 112.29, -79.27, 124.79, 1.0, 0.0, 0.0]","[107.49, -7.82, 111.6, 112.12, -78.62, 125.77, 1.0, 0.0, 0.0]",6.23333333333332,187,0,12262,0
"[107.49, -7.82, 111.6, 112.12, -78.62, 125.77, 1.0, 0.0, 0.0]","[108.24, -7.82, 111.88, 111.95, -77.97, 126.72, 1.0, 0.0, 0.0]",6.26666666666665,188,0,12263,0
"[108.24, -7.82, 111.88, 111.95, -77.97, 126.72, 1.0, 0.0, 0.0]","[109.0, -7.82, 112.16, 111.78, -77.31, 127.69, 1.0, 0.0, 0.0]",6.29999999999999,189,0,12264,0
"[109.0, -7.82, 112.16, 111.78, -77.31, 127.69, 1.0, 0.0, 0.0]","[109.77, -7.81, 112.44, 111.6, -76.65, 128.67, 1.0, 0.0, 0.0]",6.33333333333332,190,0,12265,0
"[109.77, -7.81, 112.44, 111.6, -76.65, 128.67, 1.0, 0.0, 0.0]","[110.53, -7.81, 112.72, 111.43, -76.0, 129.64, 1.0, 0.0, 0.0]",6.36666666666665,191,0,12266,0
"[110.53, -7.81, 112.72, 111.43, -76.0, 129.64, 1.0, 0.0, 0.0]","[111.3, -7.81, 113.0, 111.26, -75.34, 130.61, 1.0, 0.0, 0.0]",6.39999999999999,192,0,12267,0
"[111.3, -7.81, 113.0, 111.26, -75.34, 130.61, 1.0, 0.0, 0.0]","[111.8, -7.81, 113.18, 111.14, -74.9, 131.25, 1.0, 0.0, 0.0]",6.43333333333332,193,0,12268,0
"[111.8, -7.81, 113.18, 111.14, -74.9, 131.25, 1.0, 0.0, 0.0]","[112.82, -7.81, 113.56, 110.91, -74.02, 132.56, 1.0, 0.0, 0.0]",6.46666666666665,194,0,12269,0
"[112.82, -7.81, 113.56, 110.91, -74.02, 132.56, 1.0, 0.0, 0.0]","[113.33, -7.81, 113.74, 110.79, -73.59, 133.2, 1.0, 0.0, 0.0]",6.49999999999999,195,0,12270,0
"[113.33, -7.81, 113.74, 110.79, -73.59, 133.2, 1.0, 0.0, 0.0]","[114.07, -7.81, 114.01, 110.63, -72.96, 134.17, 1.0, 0.0, 0.0]",6.53333333333332,196,0,12271,0
"[114.07, -7.81, 114.01, 110.63, -72.96, 134.17, 1.0, 0.0, 0.0]","[114.51, -7.8, 114.17, 110.53, -72.61, 134.83, 1.0, 0.0, 0.0]",6.56666666666665,197,0,12272,0
"[114.51, -7.8, 114.17, 110.53, -72.61, 134.83, 1.0, 0.0, 0.0]","[115.05, -7.77, 114.34, 110.42, -72.29, 135.86, 1.0, 0.0, 0.0]",6.59999999999999,198,0,12273,0
"[115.05, -7.77, 114.34, 110.42, -72.29, 135.86, 1.0, 0.0, 0.0]","[115.28, -7.75, 114.39, 110.38, -72.24, 136.52, 1.0, 0.0, 0.0]",6.63333333333332,199,0,12274,0
"[115.28, -7.75, 114.39, 110.38, -72.24, 136.52, 1.0, 0.0, 0.0]","[115.59, -7.65, 114.41, 110.36, -72.49, 138.22, 1.0, 0.0, 0.0]",6.66666666666665,200,0,12275,0
"[115.59, -7.65, 114.41, 110.36, -72.49, 138.22, 1.0, 0.0, 0.0]","[115.68, -7.6, 114.39, 110.37, -72.68, 139.0, 1.0, 0.0, 0.0]",6.69999999999999,201,0,12276,0
"[115.68, -7.6, 114.39, 110.37, -72.68, 139.0, 1.0, 0.0, 0.0]","[115.76, -7.55, 114.37, 110.38, -72.87, 139.77, 1.0, 0.0, 0.0]",6.73333333333332,202,0,12277,0
"[115.76, -7.55, 114.37, 110.38, -72.87, 139.77, 1.0, 0.0, 0.0]","[115.85, -7.5, 114.36, 110.38, -73.05, 140.54, 1.0, 0.0, 0.0]",6.76666666666665,203,0,12278,0
"[115.85, -7.5, 114.36, 110.38, -73.05, 140.54, 1.0, 0.0, 0.0]","[115.88, -7.48, 114.35, 110.39, -73.12, 140.8, 1.0, 0.0, 0.0]",6.79999999999999,204,0,12279,0
"[115.88, -7.48, 114.35, 110.39, -73.12, 140.8, 1.0, 0.0, 0.0]","[115.96, -7.43, 114.33, 110.39, -73.31, 141.58, 1.0, 0.0, 0.0]",6.83333333333332,205,0,12280,0
"[115.96, -7.43, 114.33, 110.39, -73.31, 141.58, 1.0, 0.0, 0.0]","[116.05, -7.38, 114.31, 110.4, -73.5, 142.35, 1.0, 0.0, 0.0]",6.86666666666665,206,0,12281,0
"[116.05, -7.38, 114.31, 110.4, -73.5, 142.35, 1.0, 0.0, 0.0]","[116.19, -7.3, 114.28, 110.41, -73.81, 143.64, 1.0, 0.0, 0.0]",6.89999999999999,207,0,12282,0
"[116.19, -7.3, 114.28, 110.41, -73.81, 143.64, 1.0, 0.0, 0.0]","[116.31, -7.23, 114.26, 110.42, -74.06, 144.67, 1.0, 0.0, 0.0]",6.93333333333332,208,0,12283,0
"[116.31, -7.23, 114.26, 110.42, -74.06, 144.67, 1.0, 0.0, 0.0]","[116.37, -7.2, 114.25, 110.42, -74.19, 145.2, 1.0, 0.0, 0.0]",6.96666666666665,209,0,12284,0
"[116.37, -7.2, 114.25, 110.42, -74.19, 145.2, 1.0, 0.0, 0.0]","[116.48, -7.13, 114.23, 110.43, -74.44, 146.22, 1.0, 0.0, 0.0]",6.99999999999999,210,0,12285,0
"[116.48, -7.13, 114.23, 110.43, -74.44, 146.22, 1.0, 0.0, 0.0]","[116.57, -7.08, 114.21, 110.44, -74.63, 147.0, 1.0, 0.0, 0.0]",7.03333333333332,211,0,12286,0
"[116.57, -7.08, 114.21, 110.44, -74.63, 147.0, 1.0, 0.0, 0.0]","[116.65, -7.03, 114.19, 110.44, -74.82, 147.78, 1.0, 0.0, 0.0]",7.06666666666665,212,0,12287,0
"[116.65, -7.03, 114.19, 110.44, -74.82, 147.78, 1.0, 0.0, 0.0]","[116.74, -6.98, 114.17, 110.45, -75.01, 148.56, 1.0, 0.0, 0.0]",7.09999999999998,213,0,12288,0
"[116.74, -6.98, 114.17, 110.45, -75.01, 148.56, 1.0, 0.0, 0.0]","[116.83, -6.93, 114.15, 110.46, -75.2, 149.33, 1.0, 0.0, 0.0]",7.13333333333332,214,0,12289,0
"[116.83, -6.93, 114.15, 110.46, -75.2, 149.33, 1.0, 0.0, 0.0]","[116.94, -6.87, 114.13, 110.47, -75.45, 150.36, 1.0, 0.0, 0.0]",7.16666666666665,215,0,12290,0
"[116.94, -6.87, 114.13, 110.47, -75.45, 150.36, 1.0, 0.0, 0.0]","[117.03, -6.82, 114.11, 110.47, -75.64, 151.13, 1.0, 0.0, 0.0]",7.19999999999998,216,0,12291,0
"[117.03, -6.82, 114.11, 110.47, -75.64, 151.13, 1.0, 0.0, 0.0]","[117.11, -6.77, 114.1, 110.48, -75.83, 151.91, 1.0, 0.0, 0.0]",7.23333333333332,217,0,12292,0
"[117.11, -6.77, 114.1, 110.48, -75.83, 151.91, 1.0, 0.0, 0.0]","[117.17, -6.74, 114.09, 110.48, -75.95, 152.42, 1.0, 0.0, 0.0]",7.26666666666665,218,0,12293,0
"[117.17, -6.74, 114.09, 110.48, -75.95, 152.42, 1.0, 0.0, 0.0]","[117.23, -6.7, 114.08, 110.48, -76.11, 153.15, 1.0, 0.0, 0.0]",7.29999999999998,219,0,12294,0
"[117.23, -6.7, 114.08, 110.48, -76.11, 153.15, 1.0, 0.0, 0.0]","[117.26, -6.69, 114.07, 110.45, -76.25, 154.05, 1.0, 0.0, 0.0]",7.33333333333332,220,0,12295,0
"[117.26, -6.69, 114.07, 110.45, -76.25, 154.05, 1.0, 0.0, 0.0]","[117.27, -6.69, 114.07, 110.43, -76.31, 154.48, 1.0, 0.0, 0.0]",7.36666666666665,221,0,12296,0
"[117.27, -6.69, 114.07, 110.43, -76.31, 154.48, 1.0, 0.0, 0.0]","[117.28, -6.68, 114.08, 110.4, -76.39, 155.09, 1.0, 0.0, 0.0]",7.39999999999998,222,0,12297,0
"[117.28, -6.68, 114.08, 110.4, -76.39, 155.09, 1.0, 0.0, 0.0]","[117.28, -6.68, 114.08, 110.38, -76.45, 155.52, 1.0, 0.0, 0.0]",7.43333333333332,223,0,12298,0
"[117.28, -6.68, 114.08, 110.38, -76.45, 155.52, 1.0, 0.0, 0.0]","[117.29, -6.68, 114.09, 110.35, -76.53, 156.15, 1.0, 0.0, 0.0]",7.46666666666665,224,0,12299,0
"[117.29, -6.68, 114.09, 110.35, -76.53, 156.15, 1.0, 0.0, 0.0]","[117.3, -6.68, 114.09, 110.33, -76.59, 156.56, 1.0, 0.0, 0.0]",7.49999999999998,225,0,12300,0
"[117.3, -6.68, 114.09, 110.33, -76.59, 156.56, 1.0, 0.0, 0.0]","[117.31, -6.68, 114.1, 110.29, -76.7, 157.39, 1.0, 0.0, 0.0]",7.53333333333332,226,0,12301,0
"[117.31, -6.68, 114.1, 110.29, -76.7, 157.39, 1.0, 0.0, 0.0]","[117.31, -6.68, 114.1, 110.28, -76.73, 157.6, 1.0, 0.0, 0.0]",7.56666666666665,227,0,12302,0
"[117.31, -6.68, 114.1, 110.28, -76.73, 157.6, 1.0, 0.0, 0.0]","[117.32, -6.68, 114.1, 110.25, -76.81, 158.22, 1.0, 0.0, 0.0]",7.59999999999998,228,0,12303,0
"[117.32, -6.68, 114.1, 110.25, -76.81, 158.22, 1.0, 0.0, 0.0]","[117.33, -6.68, 114.11, 110.22, -76.89, 158.85, 1.0, 0.0, 0.0]",7.63333333333332,229,0,12304,0
"[117.33, -6.68, 114.11, 110.22, -76.89, 158.85, 1.0, 0.0, 0.0]","[117.34, -6.68, 114.11, 110.19, -76.98, 159.48, 1.0, 0.0, 0.0]",7.66666666666665,230,0,12305,0
"[117.34, -6.68, 114.11, 110.19, -76.98, 159.48, 1.0, 0.0, 0.0]","[117.34, -6.68, 114.12, 110.17, -77.03, 159.89, 1.0, 0.0, 0.0]",7.69999999999998,231,0,12306,0
"[117.34, -6.68, 114.12, 110.17, -77.03, 159.89, 1.0, 0.0, 0.0]","[117.35, -6.68, 114.12, 110.13, -77.14, 160.72, 1.0, 0.0, 0.0]",7.73333333333332,232,0,12307,0
"[117.35, -6.68, 114.12, 110.13, -77.14, 160.72, 1.0, 0.0, 0.0]","[117.36, -6.68, 114.13, 110.1, -77.23, 161.36, 1.0, 0.0, 0.0]",7.76666666666665,233,0,12308,0
"[117.36, -6.68, 114.13, 110.1, -77.23, 161.36, 1.0, 0.0, 0.0]","[117.37, -6.68, 114.13, 110.07, -77.31, 161.97, 1.0, 0.0, 0.0]",7.79999999999998,234,0,12309,0
"[117.37, -6.68, 114.13, 110.07, -77.31, 161.97, 1.0, 0.0, 0.0]","[117.38, -6.68, 114.14, 110.04, -77.39, 162.6, 1.0, 0.0, 0.0]",7.83333333333332,235,0,12310,0
"[117.38, -6.68, 114.14, 110.04, -77.39, 162.6, 1.0, 0.0, 0.0]","[117.39, -6.68, 114.14, 110.02, -77.45, 163.01, 1.0, 0.0, 0.0]",7.86666666666665,236,0,12311,0
"[117.39, -6.68, 114.14, 110.02, -77.45, 163.01, 1.0, 0.0, 0.0]","[117.39, -6.68, 114.14, 109.99, -77.53, 163.64, 1.0, 0.0, 0.0]",7.89999999999998,237,0,12312,0
"[117.39, -6.68, 114.14, 109.99, -77.53, 163.64, 1.0, 0.0, 0.0]","[117.4, -6.68, 114.15, 109.96, -77.61, 164.26, 1.0, 0.0, 0.0]",7.93333333333332,238,0,12313,0
"[117.4, -6.68, 114.15, 109.96, -77.61, 164.26, 1.0, 0.0, 0.0]","[117.41, -6.68, 114.15, 109.93, -77.7, 164.89, 1.0, 0.0, 0.0]",7.96666666666665,239,0,12314,0
"[117.41, -6.68, 114.15, 109.93, -77.7, 164.89, 1.0, 0.0, 0.0]","[117.42, -6.68, 114.16, 109.9, -77.78, 165.51, 1.0, 0.0, 0.0]",7.99999999999998,240,0,12315,0
"[117.42, -6.68, 114.16, 109.9, -77.78, 165.51, 1.0, 0.0, 0.0]","[117.43, -6.68, 114.16, 109.88, -77.83, 165.93, 1.0, 0.0, 0.0]",8.03333333333332,241,0,12316,0
"[117.43, -6.68, 114.16, 109.88, -77.83, 165.93, 1.0, 0.0, 0.0]","[117.43, -6.68, 114.17, 109.85, -77.92, 166.55, 1.0, 0.0, 0.0]",8.06666666666665,242,0,12317,0
"[117.43, -6.68, 114.17, 109.85, -77.92, 166.55, 1.0, 0.0, 0.0]","[117.44, -6.68, 114.17, 109.81, -78.03, 167.38, 1.0, 0.0, 0.0]",8.09999999999998,243,0,12318,0
"[117.44, -6.68, 114.17, 109.81, -78.03, 167.38, 1.0, 0.0, 0.0]","[117.45, -6.68, 114.17, 109.79, -78.08, 167.79, 1.0, 0.0, 0.0]",8.13333333333332,244,0,12319,0
"[117.45, -6.68, 114.17, 109.79, -78.08, 167.79, 1.0, 0.0, 0.0]","[117.46, -6.68, 114.18, 109.76, -78.16, 168.42, 1.0, 0.0, 0.0]",8.16666666666665,245,0,12320,0
"[117.46, -6.68, 114.18, 109.76, -78.16, 168.42, 1.0, 0.0, 0.0]","[117.47, -6.68, 114.18, 109.73, -78.25, 169.05, 1.0, 0.0, 0.0]",8.19999999999998,246,0,12321,0
"[117.47, -6.68, 114.18, 109.73, -78.25, 169.05, 1.0, 0.0, 0.0]","[117.48, -6.68, 114.19, 109.7, -78.33, 169.67, 1.0, 0.0, 0.0]",8.23333333333332,247,0,12322,0
"[117.48, -6.68, 114.19, 109.7, -78.33, 169.67, 1.0, 0.0, 0.0]","[117.48, -6.68, 114.19, 109.67, -78.41, 170.3, 1.0, 0.0, 0.0]",8.26666666666665,248,0,12323,0
"[117.48, -6.68, 114.19, 109.67, -78.41, 170.3, 1.0, 0.0, 0.0]","[117.49, -6.68, 114.2, 109.64, -78.5, 170.93, 1.0, 0.0, 0.0]",8.29999999999998,249,0,12324,0
"[117.49, -6.68, 114.2, 109.64, -78.5, 170.93, 1.0, 0.0, 0.0]","[117.5, -6.68, 114.2, 109.61, -78.58, 171.55, 1.0, 0.0, 0.0]",8.33333333333331,250,0,12325,0
"[117.5, -6.68, 114.2, 109.61, -78.58, 171.55, 1.0, 0.0, 0.0]","[117.51, -6.68, 114.21, 109.59, -78.64, 171.97, 1.0, 0.0, 0.0]",8.36666666666665,251,0,12326,0
"[117.51, -6.68, 114.21, 109.59, -78.64, 171.97, 1.0, 0.0, 0.0]","[117.52, -6.68, 114.21, 109.56, -78.72, 172.59, 1.0, 0.0, 0.0]",8.39999999999998,252,0,12327,0
"[117.52, -6.68, 114.21, 109.56, -78.72, 172.59, 1.0, 0.0, 0.0]","[117.52, -6.68, 114.21, 109.54, -78.77, 173.01, 1.0, 0.0, 0.0]",8.43333333333331,253,0,12328,0
"[117.52, -6.68, 114.21, 109.54, -78.77, 173.01, 1.0, 0.0, 0.0]","[117.53, -6.68, 114.22, 109.5, -78.88, 173.83, 1.0, 0.0, 0.0]",8.46666666666665,254,0,12329,0
"[117.53, -6.68, 114.22, 109.5, -78.88, 173.83, 1.0, 0.0, 0.0]","[117.54, -6.68, 114.22, 109.47, -78.97, 174.46, 1.0, 0.0, 0.0]",8.49999999999998,255,0,12330,0
"[117.54, -6.68, 114.22, 109.47, -78.97, 174.46, 1.0, 0.0, 0.0]","[117.55, -6.68, 114.23, 109.45, -79.02, 174.88, 1.0, 0.0, 0.0]",8.53333333333331,256,0,12331,0
"[117.55, -6.68, 114.23, 109.45, -79.02, 174.88, 1.0, 0.0, 0.0]","[117.56, -6.68, 114.23, 109.41, -79.13, 175.71, 1.0, 0.0, 0.0]",8.56666666666665,257,0,12332,0
"[117.56, -6.68, 114.23, 109.41, -79.13, 175.71, 1.0, 0.0, 0.0]","[117.57, -6.68, 114.24, 109.38, -79.22, 176.35, 1.0, 0.0, 0.0]",8.59999999999998,258,0,12333,0
"[117.57, -6.68, 114.24, 109.38, -79.22, 176.35, 1.0, 0.0, 0.0]","[117.58, -6.68, 114.24, 109.35, -79.3, 176.97, 1.0, 0.0, 0.0]",8.63333333333331,259,0,12334,0
"[117.58, -6.68, 114.24, 109.35, -79.3, 176.97, 1.0, 0.0, 0.0]","[117.58, -6.68, 114.25, 109.32, -79.38, 177.59, 1.0, 0.0, 0.0]",8.66666666666665,260,0,12335,0
"[117.58, -6.68, 114.25, 109.32, -79.38, 177.59, 1.0, 0.0, 0.0]","[117.59, -6.68, 114.25, 109.3, -79.44, 178.0, 1.0, 0.0, 0.0]",8.69999999999998,261,0,12336,0
"[117.59, -6.68, 114.25, 109.3, -79.44, 178.0, 1.0, 0.0, 0.0]","[117.6, -6.68, 114.25, 109.27, -79.52, 178.63, 1.0, 0.0, 0.0]",8.73333333333331,262,0,12337,0
"[117.6, -6.68, 114.25, 109.27, -79.52, 178.63, 1.0, 0.0, 0.0]","[117.6, -6.68, 114.26, 109.25, -79.58, 179.04, 1.0, 0.0, 0.0]",8.76666666666665,263,0,12338,0
"[117.6, -6.68, 114.26, 109.25, -79.58, 179.04, 1.0, 0.0, 0.0]","[117.61, -6.68, 114.26, 109.22, -79.68, 179.87, 1.0, 0.0, 0.0]",8.79999999999998,264,0,12339,0
"[117.61, -6.68, 114.26, 109.22, -79.68, 179.87, 1.0, 0.0, 0.0]","[117.62, -6.68, 114.27, 109.19, -79.74, 180.3, 1.0, 0.0, 0.0]",8.83333333333331,265,0,12340,0
"[117.62, -6.68, 114.27, 109.19, -79.74, 180.3, 1.0, 0.0, 0.0]","[117.63, -6.68, 114.27, 109.17, -79.82, 180.92, 1.0, 0.0, 0.0]",8.86666666666665,266,0,12341,0
"[117.63, -6.68, 114.27, 109.17, -79.82, 180.92, 1.0, 0.0, 0.0]","[117.64, -6.68, 114.28, 109.13, -79.93, 181.75, 1.0, 0.0, 0.0]",8.89999999999998,267,0,12342,0
"[117.64, -6.68, 114.28, 109.13, -79.93, 181.75, 1.0, 0.0, 0.0]","[117.65, -6.68, 114.28, 109.1, -80.02, 182.38, 1.0, 0.0, 0.0]",8.93333333333331,268,0,12343,0
"[117.65, -6.68, 114.28, 109.1, -80.02, 182.38, 1.0, 0.0, 0.0]","[117.65, -6.68, 114.29, 109.08, -80.07, 182.79, 1.0, 0.0, 0.0]",8.96666666666665,269,0,12344,0
"[117.65, -6.68, 114.29, 109.08, -80.07, 182.79, 1.0, 0.0, 0.0]","[117.66, -6.68, 114.29, 109.05, -80.16, 183.42, 1.0, 0.0, 0.0]",8.99999999999998,270,0,12345,0
"[117.66, -6.68, 114.29, 109.05, -80.16, 183.42, 1.0, 0.0, 0.0]","[117.67, -6.68, 114.29, 109.02, -80.24, 184.04, 1.0, 0.0, 0.0]",9.03333333333331,271,0,12346,0
"[117.67, -6.68, 114.29, 109.02, -80.24, 184.04, 1.0, 0.0, 0.0]","[117.68, -6.68, 114.3, 108.99, -80.32, 184.67, 1.0, 0.0, 0.0]",9.06666666666665,272,0,12347,0
"[117.68, -6.68, 114.3, 108.99, -80.32, 184.67, 1.0, 0.0, 0.0]","[117.69, -6.68, 114.3, 108.96, -80.41, 185.3, 1.0, 0.0, 0.0]",9.09999999999998,273,0,12348,0
"[117.69, -6.68, 114.3, 108.96, -80.41, 185.3, 1.0, 0.0, 0.0]","[117.69, -6.68, 114.31, 108.94, -80.46, 185.71, 1.0, 0.0, 0.0]",9.13333333333331,274,0,12349,0
"[117.69, -6.68, 114.31, 108.94, -80.46, 185.71, 1.0, 0.0, 0.0]","[117.7, -6.68, 114.31, 108.91, -80.54, 186.34, 1.0, 0.0, 0.0]",9.16666666666665,275,0,12350,0
"[117.7, -6.68, 114.31, 108.91, -80.54, 186.34, 1.0, 0.0, 0.0]","[117.71, -6.69, 114.31, 108.88, -80.63, 186.96, 1.0, 0.0, 0.0]",9.19999999999998,276,0,12351,0
"[117.71, -6.69, 114.31, 108.88, -80.63, 186.96, 1.0, 0.0, 0.0]","[117.72, -6.8, 114.21, 108.85, -80.72, 187.66, 1.0, 0.0, 0.0]",9.23333333333331,277,0,12352,0
"[117.72, -6.8, 114.21, 108.85, -80.72, 187.66, 1.0, 0.0, 0.0]","[117.72, -6.98, 114.05, 108.85, -80.75, 187.87, 1.0, 0.0, 0.0]",9.26666666666664,278,0,12353,0
"[117.72, -6.98, 114.05, 108.85, -80.75, 187.87, 1.0, 0.0, 0.0]","[117.73, -7.37, 113.7, 108.85, -80.76, 187.99, 1.0, 0.0, 0.0]",9.29999999999998,279,0,12354,0
"[117.73, -7.37, 113.7, 108.85, -80.76, 187.99, 1.0, 0.0, 0.0]","[117.73, -7.93, 113.19, 108.87, -80.77, 188.0, 1.0, 0.0, 0.0]",9.33333333333331,280,0,12355,0
"[117.73, -7.93, 113.19, 108.87, -80.77, 188.0, 1.0, 0.0, 0.0]","[117.73, -8.2, 112.94, 108.89, -80.77, 188.0, 1.0, 0.0, 0.0]",9.36666666666664,281,0,12356,0
"[117.73, -8.2, 112.94, 108.89, -80.77, 188.0, 1.0, 0.0, 0.0]","[117.73, -8.47, 112.69, 108.9, -80.77, 188.0, 1.0, 0.0, 0.0]",9.39999999999998,282,0,12357,0
"[117.73, -8.47, 112.69, 108.9, -80.77, 188.0, 1.0, 0.0, 0.0]","[117.73, -9.02, 112.22, 108.92, -80.76, 188.0, 1.0, 0.0, 0.0]",9.43333333333331,283,0,12358,0
"[117.73, -9.02, 112.22, 108.92, -80.76, 188.0, 1.0, 0.0, 0.0]","[117.73, -9.24, 112.08, 108.95, -80.76, 188.0, 1.0, 0.0, 0.0]",9.46666666666664,284,0,12359,0
"[117.73, -9.24, 112.08, 108.95, -80.76, 188.0, 1.0, 0.0, 0.0]","[117.73, -9.61, 112.01, 109.0, -80.76, 188.0, 1.0, 0.0, 0.0]",9.49999999999998,285,0,12360,0
"[117.73, -9.61, 112.01, 109.0, -80.76, 188.0, 1.0, 0.0, 0.0]","[117.73, -10.12, 112.0, 109.1, -80.76, 188.0, 1.0, 0.0, 0.0]",9.53333333333331,286,0,12361,0
"[117.73, -10.12, 112.0, 109.1, -80.76, 188.0, 1.0, 0.0, 0.0]","[117.73, -10.77, 112.0, 109.23, -80.76, 188.0, 1.0, 0.0, 0.0]",9.56666666666664,287,0,12362,0
"[117.73, -10.77, 112.0, 109.23, -80.76, 188.0, 1.0, 0.0, 0.0]","[117.73, -11.47, 112.0, 109.36, -80.76, 188.0, 1.0, 0.0, 0.0]",9.59999999999998,288,0,12363,0
"[117.73, -11.47, 112.0, 109.36, -80.76, 188.0, 1.0, 0.0, 0.0]","[117.73, -12.17, 112.0, 109.5, -80.76, 188.0, 1.0, 0.0, 0.0]",9.63333333333331,289,0,12364,0
"[117.73, -12.17, 112.0, 109.5, -80.76, 188.0, 1.0, 0.0, 0.0]","[117.73, -12.88, 112.0, 109.64, -80.76, 188.0, 1.0, 0.0, 0.0]",9.66666666666664,290,0,12365,0
"[117.73, -12.88, 112.0, 109.64, -80.76, 188.0, 1.0, 0.0, 0.0]","[117.73, -13.34, 112.0, 109.73, -80.76, 188.0, 1.0, 0.0, 0.0]",9.69999999999998,291,0,12366,0
"[117.73, -13.34, 112.0, 109.73, -80.76, 188.0, 1.0, 0.0, 0.0]","[117.73, -14.04, 112.0, 109.86, -80.76, 188.0, 1.0, 0.0, 0.0]",9.73333333333331,292,0,12367,0
"[117.73, -14.04, 112.0, 109.86, -80.76, 188.0, 1.0, 0.0, 0.0]","[117.73, -14.74, 112.0, 110.0, -80.76, 188.0, 1.0, 0.0, 0.0]",9.76666666666664,293,0,12368,0
"[117.73, -14.74, 112.0, 110.0, -80.76, 188.0, 1.0, 0.0, 0.0]","[117.73, -15.44, 112.0, 110.14, -80.76, 188.0, 1.0, 0.0, 0.0]",9.79999999999998,294,0,12369,0
"[117.73, -15.44, 112.0, 110.14, -80.76, 188.0, 1.0, 0.0, 0.0]","[117.73, -16.14, 112.0, 110.27, -80.76, 187.99, 1.0, 0.0, 0.0]",9.83333333333331,295,0,12370,0
"[117.73, -16.14, 112.0, 110.27, -80.76, 187.99, 1.0, 0.0, 0.0]","[117.73, -16.84, 112.0, 110.41, -80.76, 187.99, 1.0, 0.0, 0.0]",9.86666666666664,296,0,12371,0
"[117.73, -16.84, 112.0, 110.41, -80.76, 187.99, 1.0, 0.0, 0.0]","[117.73, -17.52, 112.0, 110.54, -80.76, 187.99, 1.0, 0.0, 0.0]",9.89999999999998,297,0,12372,0
"[117.73, -17.52, 112.0, 110.54, -80.76, 187.99, 1.0, 0.0, 0.0]","[117.73, -18.0, 112.0, 110.63, -80.76, 187.99, 1.0, 0.0, 0.0]",9.93333333333331,298,0,12373,0
"[117.73, -18.0, 112.0, 110.63, -80.76, 187.99, 1.0, 0.0, 0.0]","[117.73, -18.92, 112.0, 110.81, -80.76, 187.99, 1.0, 0.0, 0.0]",9.96666666666664,299,0,12374,0
"[117.73, -18.92, 112.0, 110.81, -80.76, 187.99, 1.0, 0.0, 0.0]","[117.73, -19.63, 112.0, 110.95, -80.76, 187.99, 1.0, 0.0, 0.0]",9.99999999999998,300,0,12375,0
"[117.73, -19.63, 112.0, 110.95, -80.76, 187.99, 1.0, 0.0, 0.0]","[117.73, -20.32, 112.0, 111.09, -80.75, 187.99, 1.0, 0.0, 0.0]",10.0333333333333,301,0,12376,0
"[117.73, -20.32, 112.0, 111.09, -80.75, 187.99, 1.0, 0.0, 0.0]","[117.73, -20.77, 112.0, 111.17, -80.74, 187.99, 1.0, 0.0, 0.0]",10.0666666666666,302,0,12377,0
"[117.73, -20.77, 112.0, 111.17, -80.74, 187.99, 1.0, 0.0, 0.0]","[117.73, -21.17, 112.0, 111.25, -80.69, 187.99, 1.0, 0.0, 0.0]",10.1,303,0,12378,0
"[117.73, -21.17, 112.0, 111.25, -80.69, 187.99, 1.0, 0.0, 0.0]","[117.73, -21.72, 112.0, 111.36, -80.37, 187.99, 1.0, 0.0, 0.0]",10.1333333333333,304,0,12379,0
"[117.73, -21.72, 112.0, 111.36, -80.37, 187.99, 1.0, 0.0, 0.0]","[117.73, -21.86, 112.0, 111.39, -79.95, 187.99, 1.0, 0.0, 0.0]",10.1666666666666,305,0,12380,0
"[117.73, -21.86, 112.0, 111.39, -79.95, 187.99, 1.0, 0.0, 0.0]","[117.73, -21.87, 112.0, 111.4, -79.64, 187.99, 1.0, 0.0, 0.0]",10.2,306,0,12381,0
"[117.73, -21.87, 112.0, 111.4, -79.64, 187.99, 1.0, 0.0, 0.0]","[117.73, -21.84, 112.0, 111.4, -78.99, 187.99, 1.0, 0.0, 0.0]",10.2333333333333,307,0,12382,0
"[117.73, -21.84, 112.0, 111.4, -78.99, 187.99, 1.0, 0.0, 0.0]","[117.73, -21.81, 112.0, 111.4, -78.66, 187.99, 1.0, 0.0, 0.0]",10.2666666666666,308,0,12383,0
"[117.73, -21.81, 112.0, 111.4, -78.66, 187.99, 1.0, 0.0, 0.0]","[117.73, -21.77, 112.0, 111.4, -78.02, 187.99, 1.0, 0.0, 0.0]",10.3,309,0,12384,0
"[117.73, -21.77, 112.0, 111.4, -78.02, 187.99, 1.0, 0.0, 0.0]","[117.73, -21.74, 112.0, 111.4, -77.53, 187.99, 1.0, 0.0, 0.0]",10.3333333333333,310,0,12385,0
"[117.73, -21.74, 112.0, 111.4, -77.53, 187.99, 1.0, 0.0, 0.0]","[117.73, -21.72, 112.0, 111.4, -77.21, 187.99, 1.0, 0.0, 0.0]",10.3666666666666,311,0,12386,0
"[117.73, -21.72, 112.0, 111.4, -77.21, 187.99, 1.0, 0.0, 0.0]","[117.73, -21.69, 112.0, 111.4, -76.72, 187.99, 1.0, 0.0, 0.0]",10.4,312,0,12387,0
"[117.73, -21.69, 112.0, 111.4, -76.72, 187.99, 1.0, 0.0, 0.0]","[117.73, -21.67, 112.0, 111.4, -76.4, 187.99, 1.0, 0.0, 0.0]",10.4333333333333,313,0,12388,0
"[117.73, -21.67, 112.0, 111.4, -76.4, 187.99, 1.0, 0.0, 0.0]","[117.73, -21.64, 112.0, 111.4, -76.06, 187.99, 1.0, 0.0, 0.0]",10.4666666666666,314,0,12389,0
"[117.73, -21.64, 112.0, 111.4, -76.06, 187.99, 1.0, 0.0, 0.0]","[117.73, -21.6, 112.0, 111.4, -75.42, 187.99, 1.0, 0.0, 0.0]",10.5,315,0,12390,0
"[117.73, -21.6, 112.0, 111.4, -75.42, 187.99, 1.0, 0.0, 0.0]","[117.73, -21.57, 112.0, 111.4, -74.93, 187.99, 1.0, 0.0, 0.0]",10.5333333333333,316,0,12391,0
"[117.73, -21.57, 112.0, 111.4, -74.93, 187.99, 1.0, 0.0, 0.0]","[117.73, -21.54, 112.0, 111.4, -74.44, 187.99, 1.0, 0.0, 0.0]",10.5666666666666,317,0,12392,0
"[117.73, -21.54, 112.0, 111.4, -74.44, 187.99, 1.0, 0.0, 0.0]","[117.73, -21.51, 112.0, 111.4, -73.95, 187.99, 1.0, 0.0, 0.0]",10.6,318,0,12393,0
"[117.73, -21.51, 112.0, 111.4, -73.95, 187.99, 1.0, 0.0, 0.0]","[117.73, -21.48, 112.0, 111.4, -73.47, 187.99, 1.0, 0.0, 0.0]",10.6333333333333,319,0,12394,0
"[117.73, -21.48, 112.0, 111.4, -73.47, 187.99, 1.0, 0.0, 0.0]","[117.73, -21.47, 112.0, 111.4, -73.31, 187.99, 1.0, 0.0, 0.0]",10.6666666666666,320,0,12395,0
"[117.73, -21.47, 112.0, 111.4, -73.31, 187.99, 1.0, 0.0, 0.0]","[117.73, -21.44, 112.0, 111.4, -72.82, 187.99, 1.0, 0.0, 0.0]",10.7,321,0,12396,0
"[117.73, -21.44, 112.0, 111.4, -72.82, 187.99, 1.0, 0.0, 0.0]","[117.73, -21.41, 112.0, 111.4, -72.33, 187.99, 1.0, 0.0, 0.0]",10.7333333333333,322,0,12397,0
"[117.73, -21.41, 112.0, 111.4, -72.33, 187.99, 1.0, 0.0, 0.0]","[117.73, -21.36, 112.0, 111.4, -71.69, 187.99, 1.0, 0.0, 0.0]",10.7666666666666,323,0,12398,0
"[117.73, -21.36, 112.0, 111.4, -71.69, 187.99, 1.0, 0.0, 0.0]","[117.73, -21.34, 112.0, 111.4, -71.36, 187.99, 1.0, 0.0, 0.0]",10.8,324,0,12399,0
"[117.73, -21.34, 112.0, 111.4, -71.36, 187.99, 1.0, 0.0, 0.0]","[117.73, -21.3, 112.0, 111.4, -70.71, 187.99, 1.0, 0.0, 0.0]",10.8333333333333,325,0,12400,0
"[117.73, -21.3, 112.0, 111.4, -70.71, 187.99, 1.0, 0.0, 0.0]","[117.73, -21.27, 112.0, 111.4, -70.23, 187.99, 1.0, 0.0, 0.0]",10.8666666666666,326,0,12401,0
"[117.73, -21.27, 112.0, 111.4, -70.23, 187.99, 1.0, 0.0, 0.0]","[117.73, -21.25, 112.0, 111.4, -69.9, 187.99, 1.0, 0.0, 0.0]",10.9,327,0,12402,0
"[117.73, -21.25, 112.0, 111.4, -69.9, 187.99, 1.0, 0.0, 0.0]","[117.73, -21.22, 112.0, 111.4, -69.42, 187.99, 1.0, 0.0, 0.0]",10.9333333333333,328,0,12403,0
"[117.73, -21.22, 112.0, 111.4, -69.42, 187.99, 1.0, 0.0, 0.0]","[117.73, -21.19, 112.0, 111.4, -68.93, 187.99, 1.0, 0.0, 0.0]",10.9666666666666,329,0,12404,0
"[117.73, -21.19, 112.0, 111.4, -68.93, 187.99, 1.0, 0.0, 0.0]","[117.73, -21.17, 112.0, 111.4, -68.6, 187.99, 1.0, 0.0, 0.0]",11,330,0,12405,0
"[117.73, -21.17, 112.0, 111.4, -68.6, 187.99, 1.0, 0.0, 0.0]","[117.73, -21.14, 112.0, 111.4, -68.12, 187.99, 1.0, 0.0, 0.0]",11.0333333333333,331,0,12406,0
"[117.73, -21.14, 112.0, 111.4, -68.12, 187.99, 1.0, 0.0, 0.0]","[117.73, -21.12, 112.0, 111.4, -67.79, 187.99, 1.0, 0.0, 0.0]",11.0666666666666,332,0,12407,0
"[117.73, -21.12, 112.0, 111.4, -67.79, 187.99, 1.0, 0.0, 0.0]","[117.73, -21.07, 112.0, 111.4, -67.14, 187.99, 1.0, 0.0, 0.0]",11.1,333,0,12408,0
"[117.73, -21.07, 112.0, 111.4, -67.14, 187.99, 1.0, 0.0, 0.0]","[117.73, -21.05, 112.0, 111.4, -66.81, 187.99, 1.0, 0.0, 0.0]",11.1333333333333,334,0,12409,0
"[117.73, -21.05, 112.0, 111.4, -66.81, 187.99, 1.0, 0.0, 0.0]","[117.73, -21.01, 112.0, 111.4, -66.16, 187.99, 1.0, 0.0, 0.0]",11.1666666666666,335,0,12410,0
"[117.73, -21.01, 112.0, 111.4, -66.16, 187.99, 1.0, 0.0, 0.0]","[117.73, -20.98, 112.0, 111.4, -65.69, 187.99, 1.0, 0.0, 0.0]",11.2,336,0,12411,0
"[117.73, -20.98, 112.0, 111.4, -65.69, 187.99, 1.0, 0.0, 0.0]","[117.73, -20.96, 112.0, 111.4, -65.35, 187.99, 1.0, 0.0, 0.0]",11.2333333333333,337,0,12412,0
"[117.73, -20.96, 112.0, 111.4, -65.35, 187.99, 1.0, 0.0, 0.0]","[117.73, -20.93, 112.0, 111.4, -64.91, 187.99, 1.0, 0.0, 0.0]",11.2666666666666,338,0,12413,0
"[117.73, -20.93, 112.0, 111.4, -64.91, 187.99, 1.0, 0.0, 0.0]","[117.73, -20.91, 112.0, 111.4, -64.66, 187.99, 1.0, 0.0, 0.0]",11.3,339,0,12414,0
"[117.73, -20.91, 112.0, 111.4, -64.66, 187.99, 1.0, 0.0, 0.0]","[117.73, -20.9, 112.0, 111.4, -64.67, 187.99, 1.0, 0.0, 0.0]",11.3333333333333,340,0,12415,0
"[117.73, -20.9, 112.0, 111.4, -64.67, 187.99, 1.0, 0.0, 0.0]","[117.73, -20.89, 112.0, 111.4, -65.07, 187.99, 1.0, 0.0, 0.0]",11.3666666666666,341,0,12416,0
"[117.73, -20.89, 112.0, 111.4, -65.07, 187.99, 1.0, 0.0, 0.0]","[117.72, -20.89, 112.0, 111.4, -65.36, 187.99, 1.0, 0.0, 0.0]",11.4,342,0,12417,0
"[117.72, -20.89, 112.0, 111.4, -65.36, 187.99, 1.0, 0.0, 0.0]","[117.72, -20.89, 112.0, 111.4, -65.96, 187.99, 1.0, 0.0, 0.0]",11.4333333333333,343,0,12418,0
"[117.72, -20.89, 112.0, 111.4, -65.96, 187.99, 1.0, 0.0, 0.0]","[117.72, -20.89, 112.0, 111.4, -66.26, 187.99, 1.0, 0.0, 0.0]",11.4666666666666,344,0,12419,0
"[117.72, -20.89, 112.0, 111.4, -66.26, 187.99, 1.0, 0.0, 0.0]","[117.72, -20.89, 112.0, 111.4, -66.7, 187.99, 1.0, 0.0, 0.0]",11.5,345,0,12420,0
"[117.72, -20.89, 112.0, 111.4, -66.7, 187.99, 1.0, 0.0, 0.0]","[117.72, -20.89, 112.0, 111.4, -67.0, 187.99, 1.0, 0.0, 0.0]",11.5333333333333,346,0,12421,0
"[117.72, -20.89, 112.0, 111.4, -67.0, 187.99, 1.0, 0.0, 0.0]","[117.72, -20.89, 112.0, 111.4, -67.44, 187.99, 1.0, 0.0, 0.0]",11.5666666666666,347,0,12422,0
"[117.72, -20.89, 112.0, 111.4, -67.44, 187.99, 1.0, 0.0, 0.0]","[117.72, -20.89, 112.0, 111.4, -67.89, 187.99, 1.0, 0.0, 0.0]",11.6,348,0,12423,0
"[117.72, -20.89, 112.0, 111.4, -67.89, 187.99, 1.0, 0.0, 0.0]","[117.72, -20.89, 112.0, 111.4, -68.48, 187.99, 1.0, 0.0, 0.0]",11.6333333333333,349,0,12424,0
"[117.72, -20.89, 112.0, 111.4, -68.48, 187.99, 1.0, 0.0, 0.0]","[117.72, -20.89, 112.0, 111.4, -68.92, 187.99, 1.0, 0.0, 0.0]",11.6666666666666,350,0,12425,0
"[117.72, -20.89, 112.0, 111.4, -68.92, 187.99, 1.0, 0.0, 0.0]","[117.72, -20.89, 112.0, 111.4, -69.37, 187.99, 1.0, 0.0, 0.0]",11.7,351,0,12426,0
"[117.72, -20.89, 112.0, 111.4, -69.37, 187.99, 1.0, 0.0, 0.0]","[117.72, -20.89, 112.0, 111.4, -69.81, 187.99, 1.0, 0.0, 0.0]",11.7333333333333,352,0,12427,0
"[117.72, -20.89, 112.0, 111.4, -69.81, 187.99, 1.0, 0.0, 0.0]","[117.72, -20.89, 112.0, 111.4, -70.26, 187.99, 1.0, 0.0, 0.0]",11.7666666666666,353,0,12428,0
"[117.72, -20.89, 112.0, 111.4, -70.26, 187.99, 1.0, 0.0, 0.0]","[117.71, -20.89, 112.0, 111.41, -70.55, 187.99, 1.0, 0.0, 0.0]",11.8,354,0,12429,0
"[117.71, -20.89, 112.0, 111.41, -70.55, 187.99, 1.0, 0.0, 0.0]","[117.71, -20.89, 112.0, 111.41, -71.0, 187.99, 1.0, 0.0, 0.0]",11.8333333333333,355,0,12430,0
"[117.71, -20.89, 112.0, 111.41, -71.0, 187.99, 1.0, 0.0, 0.0]","[117.71, -20.89, 112.0, 111.41, -71.44, 187.99, 1.0, 0.0, 0.0]",11.8666666666666,356,0,12431,0
"[117.71, -20.89, 112.0, 111.41, -71.44, 187.99, 1.0, 0.0, 0.0]","[117.71, -20.89, 112.0, 111.41, -71.89, 187.99, 1.0, 0.0, 0.0]",11.9,357,0,12432,0
"[117.71, -20.89, 112.0, 111.41, -71.89, 187.99, 1.0, 0.0, 0.0]","[117.71, -20.89, 112.0, 111.41, -72.18, 187.99, 1.0, 0.0, 0.0]",11.9333333333333,358,0,12433,0
"[117.71, -20.89, 112.0, 111.41, -72.18, 187.99, 1.0, 0.0, 0.0]","[117.71, -20.89, 112.0, 111.41, -72.77, 187.99, 1.0, 0.0, 0.0]",11.9666666666666,359,0,12434,0
"[117.71, -20.89, 112.0, 111.41, -72.77, 187.99, 1.0, 0.0, 0.0]","[117.71, -20.9, 112.0, 111.41, -73.21, 187.99, 1.0, 0.0, 0.0]",12,360,0,12435,0
"[117.71, -20.9, 112.0, 111.41, -73.21, 187.99, 1.0, 0.0, 0.0]","[117.71, -20.9, 112.0, 111.41, -73.81, 187.99, 1.0, 0.0, 0.0]",12.0333333333333,361,0,12436,0
"[117.71, -20.9, 112.0, 111.41, -73.81, 187.99, 1.0, 0.0, 0.0]","[117.71, -20.9, 112.0, 111.41, -73.95, 187.99, 1.0, 0.0, 0.0]",12.0666666666666,362,0,12437,0
"[117.71, -20.9, 112.0, 111.41, -73.95, 187.99, 1.0, 0.0, 0.0]","[117.71, -20.9, 112.0, 111.41, -74.4, 187.99, 1.0, 0.0, 0.0]",12.1,363,0,12438,0
"[117.71, -20.9, 112.0, 111.41, -74.4, 187.99, 1.0, 0.0, 0.0]","[117.71, -20.9, 112.0, 111.41, -74.84, 187.99, 1.0, 0.0, 0.0]",12.1333333333333,364,0,12439,0
"[117.71, -20.9, 112.0, 111.41, -74.84, 187.99, 1.0, 0.0, 0.0]","[117.7, -20.9, 112.0, 111.41, -75.29, 187.99, 1.0, 0.0, 0.0]",12.1666666666666,365,0,12440,0
"[117.7, -20.9, 112.0, 111.41, -75.29, 187.99, 1.0, 0.0, 0.0]","[117.7, -20.9, 112.0, 111.41, -75.58, 187.99, 1.0, 0.0, 0.0]",12.2,366,0,12441,0
"[117.7, -20.9, 112.0, 111.41, -75.58, 187.99, 1.0, 0.0, 0.0]","[117.7, -20.9, 112.0, 111.41, -76.18, 187.99, 1.0, 0.0, 0.0]",12.2333333333333,367,0,12442,0
"[117.7, -20.9, 112.0, 111.41, -76.18, 187.99, 1.0, 0.0, 0.0]","[117.7, -20.9, 112.0, 111.41, -76.63, 187.99, 1.0, 0.0, 0.0]",12.2666666666666,368,0,12443,0
"[117.7, -20.9, 112.0, 111.41, -76.63, 187.99, 1.0, 0.0, 0.0]","[117.7, -20.9, 112.0, 111.41, -77.06, 187.99, 1.0, 0.0, 0.0]",12.3,369,0,12444,0
"[117.7, -20.9, 112.0, 111.41, -77.06, 187.99, 1.0, 0.0, 0.0]","[117.69, -20.89, 111.99, 111.42, -77.36, 187.99, 1.0, 0.0, 0.0]",12.3333333333333,370,0,12445,0
"[117.69, -20.89, 111.99, 111.42, -77.36, 187.99, 1.0, 0.0, 0.0]","[117.67, -20.86, 111.92, 111.47, -77.62, 187.99, 1.0, 0.0, 0.0]",12.3666666666666,371,0,12446,0
"[117.67, -20.86, 111.92, 111.47, -77.62, 187.99, 1.0, 0.0, 0.0]","[117.49, -20.64, 111.55, 111.77, -78.03, 187.98, 1.0, 0.0, 0.0]",12.4,372,0,12447,0
"[117.49, -20.64, 111.55, 111.77, -78.03, 187.98, 1.0, 0.0, 0.0]","[117.21, -20.29, 111.01, 112.21, -78.26, 187.97, 1.0, 0.0, 0.0]",12.4333333333333,373,0,12448,0
"[117.21, -20.29, 111.01, 112.21, -78.26, 187.97, 1.0, 0.0, 0.0]","[116.84, -19.84, 110.33, 112.76, -78.49, 187.96, 1.0, 0.0, 0.0]",12.4666666666666,374,0,12449,0
"[116.84, -19.84, 110.33, 112.76, -78.49, 187.96, 1.0, 0.0, 0.0]","[116.44, -19.34, 109.57, 113.37, -78.73, 187.95, 1.0, 0.0, 0.0]",12.5,375,0,12450,0
"[116.44, -19.34, 109.57, 113.37, -78.73, 187.95, 1.0, 0.0, 0.0]","[116.17, -19.01, 109.06, 113.78, -78.89, 187.94, 1.0, 0.0, 0.0]",12.5333333333333,376,0,12451,0
"[116.17, -19.01, 109.06, 113.78, -78.89, 187.94, 1.0, 0.0, 0.0]","[115.76, -18.51, 108.28, 114.41, -79.14, 187.92, 1.0, 0.0, 0.0]",12.5666666666666,377,0,12452,0
"[115.76, -18.51, 108.28, 114.41, -79.14, 187.92, 1.0, 0.0, 0.0]","[115.22, -17.84, 107.24, 115.24, -79.47, 187.9, 1.0, 0.0, 0.0]",12.6,378,0,12453,0
"[115.22, -17.84, 107.24, 115.24, -79.47, 187.9, 1.0, 0.0, 0.0]","[114.95, -17.51, 106.73, 115.66, -79.63, 187.89, 1.0, 0.0, 0.0]",12.6333333333333,379,0,12454,0
"[114.95, -17.51, 106.73, 115.66, -79.63, 187.89, 1.0, 0.0, 0.0]","[114.68, -17.18, 106.22, 116.07, -79.79, 187.89, 1.0, 0.0, 0.0]",12.6666666666666,380,0,12455,0
"[114.68, -17.18, 106.22, 116.07, -79.79, 187.89, 1.0, 0.0, 0.0]","[114.27, -16.68, 105.44, 116.7, -80.04, 187.87, 1.0, 0.0, 0.0]",12.7,381,0,12456,0
"[114.27, -16.68, 105.44, 116.7, -80.04, 187.87, 1.0, 0.0, 0.0]","[113.74, -16.02, 104.42, 117.53, -80.36, 187.85, 1.0, 0.0, 0.0]",12.7333333333333,382,0,12457,0
"[113.74, -16.02, 104.42, 117.53, -80.36, 187.85, 1.0, 0.0, 0.0]","[113.33, -15.52, 103.64, 118.15, -80.61, 187.84, 1.0, 0.0, 0.0]",12.7666666666666,383,0,12458,0
"[113.33, -15.52, 103.64, 118.15, -80.61, 187.84, 1.0, 0.0, 0.0]","[113.06, -15.18, 103.11, 118.58, -80.78, 187.83, 1.0, 0.0, 0.0]",12.8,384,0,12459,0
"[113.06, -15.18, 103.11, 118.58, -80.78, 187.83, 1.0, 0.0, 0.0]","[112.66, -14.69, 102.35, 119.19, -81.02, 187.82, 1.0, 0.0, 0.0]",12.8333333333333,385,0,12460,0
"[112.66, -14.69, 102.35, 119.19, -81.02, 187.82, 1.0, 0.0, 0.0]","[112.25, -14.19, 101.57, 119.82, -81.26, 187.8, 1.0, 0.0, 0.0]",12.8666666666666,386,0,12461,0
"[112.25, -14.19, 101.57, 119.82, -81.26, 187.8, 1.0, 0.0, 0.0]","[111.85, -13.69, 100.79, 120.45, -81.51, 187.79, 1.0, 0.0, 0.0]",12.9,387,0,12462,0
"[111.85, -13.69, 100.79, 120.45, -81.51, 187.79, 1.0, 0.0, 0.0]","[111.58, -13.36, 100.28, 120.86, -81.67, 187.78, 1.0, 0.0, 0.0]",12.9333333333333,388,0,12463,0
"[111.58, -13.36, 100.28, 120.86, -81.67, 187.78, 1.0, 0.0, 0.0]","[111.04, -12.69, 99.24, 121.7, -82.0, 187.76, 1.0, 0.0, 0.0]",12.9666666666666,389,0,12464,0
"[111.04, -12.69, 99.24, 121.7, -82.0, 187.76, 1.0, 0.0, 0.0]","[110.63, -12.19, 98.46, 122.33, -82.25, 187.75, 1.0, 0.0, 0.0]",13,390,0,12465,0
"[110.63, -12.19, 98.46, 122.33, -82.25, 187.75, 1.0, 0.0, 0.0]","[110.22, -11.69, 97.68, 122.96, -82.49, 187.73, 1.0, 0.0, 0.0]",13.0333333333333,391,0,12466,0
"[110.22, -11.69, 97.68, 122.96, -82.49, 187.73, 1.0, 0.0, 0.0]","[109.83, -11.2, 96.92, 123.57, -82.73, 187.72, 1.0, 0.0, 0.0]",13.0666666666666,392,0,12467,0
"[109.83, -11.2, 96.92, 123.57, -82.73, 187.72, 1.0, 0.0, 0.0]","[109.55, -10.86, 96.39, 124.0, -82.9, 187.71, 1.0, 0.0, 0.0]",13.1,393,0,12468,0
"[109.55, -10.86, 96.39, 124.0, -82.9, 187.71, 1.0, 0.0, 0.0]","[109.15, -10.36, 95.61, 124.63, -83.15, 187.69, 1.0, 0.0, 0.0]",13.1333333333333,394,0,12469,0
"[109.15, -10.36, 95.61, 124.63, -83.15, 187.69, 1.0, 0.0, 0.0]","[108.75, -9.87, 94.85, 125.24, -83.39, 187.68, 1.0, 0.0, 0.0]",13.1666666666666,395,0,12470,0
"[108.75, -9.87, 94.85, 125.24, -83.39, 187.68, 1.0, 0.0, 0.0]","[108.34, -9.37, 94.07, 125.87, -83.63, 187.67, 1.0, 0.0, 0.0]",13.2,396,0,12471,0
"[108.34, -9.37, 94.07, 125.87, -83.63, 187.67, 1.0, 0.0, 0.0]","[108.07, -9.03, 93.54, 126.29, -83.8, 187.66, 1.0, 0.0, 0.0]",13.2333333333333,397,0,12472,0
"[108.07, -9.03, 93.54, 126.29, -83.8, 187.66, 1.0, 0.0, 0.0]","[107.53, -8.37, 92.52, 127.12, -84.12, 187.64, 1.0, 0.0, 0.0]",13.2666666666666,398,0,12473,0
"[107.53, -8.37, 92.52, 127.12, -84.12, 187.64, 1.0, 0.0, 0.0]","[107.12, -7.87, 91.74, 127.75, -84.37, 187.62, 1.0, 0.0, 0.0]",13.3,399,0,12474,0
"[107.12, -7.87, 91.74, 127.75, -84.37, 187.62, 1.0, 0.0, 0.0]","[106.86, -7.54, 91.23, 128.16, -84.53, 187.62, 1.0, 0.0, 0.0]",13.3333333333333,400,0,12475,0
"[106.86, -7.54, 91.23, 128.16, -84.53, 187.62, 1.0, 0.0, 0.0]","[106.31, -6.87, 90.19, 129.0, -84.86, 187.6, 1.0, 0.0, 0.0]",13.3666666666666,401,0,12476,0
"[106.31, -6.87, 90.19, 129.0, -84.86, 187.6, 1.0, 0.0, 0.0]","[106.04, -6.54, 89.67, 129.42, -85.02, 187.59, 1.0, 0.0, 0.0]",13.4,402,0,12477,0
"[106.04, -6.54, 89.67, 129.42, -85.02, 187.59, 1.0, 0.0, 0.0]","[105.51, -5.88, 88.65, 130.24, -85.35, 187.57, 1.0, 0.0, 0.0]",13.4333333333333,403,0,12478,0
"[105.51, -5.88, 88.65, 130.24, -85.35, 187.57, 1.0, 0.0, 0.0]","[105.26, -5.57, 88.16, 130.63, -85.5, 187.56, 1.0, 0.0, 0.0]",13.4666666666666,404,0,12479,0
"[105.26, -5.57, 88.16, 130.63, -85.5, 187.56, 1.0, 0.0, 0.0]","[104.95, -5.2, 87.58, 131.1, -85.68, 187.55, 1.0, 0.0, 0.0]",13.5,405,0,12480,0
"[104.95, -5.2, 87.58, 131.1, -85.68, 187.55, 1.0, 0.0, 0.0]","[104.77, -4.97, 87.23, 131.39, -85.8, 187.54, 1.0, 0.0, 0.0]",13.5333333333333,406,0,12481,0
"[104.77, -4.97, 87.23, 131.39, -85.8, 187.54, 1.0, 0.0, 0.0]","[104.71, -4.89, 87.11, 131.48, -85.83, 187.54, 1.0, 0.0, 0.0]",13.5666666666666,407,0,12482,0
"[104.71, -4.89, 87.11, 131.48, -85.83, 187.54, 1.0, 0.0, 0.0]","[104.68, -4.86, 87.07, 131.52, -85.85, 187.54, 1.0, 0.0, 0.0]",13.6,408,0,12483,0
"[104.68, -4.86, 87.07, 131.52, -85.85, 187.54, 1.0, 0.0, 0.0]","[104.68, -4.86, 87.06, 131.52, -85.85, 187.54, 1.0, 0.0, 0.0]",13.6333333333333,409,0,12484,0
"[104.68, -4.86, 87.06, 131.52, -85.85, 187.54, 1.0, 0.0, 0.0]","[104.61, -4.83, 87.04, 131.5, -85.85, 187.53, 1.0, 0.0, 0.0]",13.6666666666666,410,0,12485,0
"[104.61, -4.83, 87.04, 131.5, -85.85, 187.53, 1.0, 0.0, 0.0]","[104.26, -4.69, 86.91, 131.42, -85.86, 187.48, 1.0, 0.0, 0.0]",13.7,411,0,12486,0
"[104.26, -4.69, 86.91, 131.42, -85.86, 187.48, 1.0, 0.0, 0.0]","[103.9, -4.54, 86.78, 131.34, -85.87, 187.44, 1.0, 0.0, 0.0]",13.7333333333333,412,0,12487,0
"[103.9, -4.54, 86.78, 131.34, -85.87, 187.44, 1.0, 0.0, 0.0]","[103.03, -4.17, 86.47, 131.14, -85.89, 187.34, 1.0, 0.0, 0.0]",13.7666666666666,413,0,12488,0
"[103.03, -4.17, 86.47, 131.14, -85.89, 187.34, 1.0, 0.0, 0.0]","[102.22, -3.83, 86.18, 130.96, -85.92, 187.25, 1.0, 0.0, 0.0]",13.8,414,0,12489,0
"[102.22, -3.83, 86.18, 130.96, -85.92, 187.25, 1.0, 0.0, 0.0]","[100.12, -2.96, 85.43, 130.49, -85.98, 187.01, 1.0, 0.0, 0.0]",13.8333333333333,415,0,12490,0
"[100.12, -2.96, 85.43, 130.49, -85.98, 187.01, 1.0, 0.0, 0.0]","[98.23, -2.17, 84.75, 130.07, -86.03, 186.79, 1.0, 0.0, 0.0]",13.8666666666666,416,0,12491,0
"[98.23, -2.17, 84.75, 130.07, -86.03, 186.79, 1.0, 0.0, 0.0]","[96.21, -1.33, 84.03, 129.61, -86.09, 186.56, 1.0, 0.0, 0.0]",13.9,417,0,12492,0
"[96.21, -1.33, 84.03, 129.61, -86.09, 186.56, 1.0, 0.0, 0.0]","[94.11, -0.46, 83.28, 129.14, -86.14, 186.31, 1.0, 0.0, 0.0]",13.9333333333333,418,0,12493,0
"[94.11, -0.46, 83.28, 129.14, -86.14, 186.31, 1.0, 0.0, 0.0]","[92.1, 0.38, 82.55, 128.69, -86.2, 186.08, 1.0, 0.0, 0.0]",13.9666666666666,419,0,12494,0
"[92.1, 0.38, 82.55, 128.69, -86.2, 186.08, 1.0, 0.0, 0.0]","[90.75, 0.94, 82.07, 128.39, -86.24, 185.93, 1.0, 0.0, 0.0]",14,420,0,12495,0
"[90.75, 0.94, 82.07, 128.39, -86.24, 185.93, 1.0, 0.0, 0.0]","[89.4, 1.51, 81.58, 128.09, -86.28, 185.77, 1.0, 0.0, 0.0]",14.0333333333333,421,0,12496,0
"[89.4, 1.51, 81.58, 128.09, -86.28, 185.77, 1.0, 0.0, 0.0]","[86.65, 2.65, 80.6, 127.47, -86.35, 185.45, 1.0, 0.0, 0.0]",14.0666666666666,422,0,12497,0
"[86.65, 2.65, 80.6, 127.47, -86.35, 185.45, 1.0, 0.0, 0.0]","[85.3, 3.21, 80.11, 127.17, -86.39, 185.3, 1.0, 0.0, 0.0]",14.1,423,0,12498,0
"[85.3, 3.21, 80.11, 127.17, -86.39, 185.3, 1.0, 0.0, 0.0]","[82.55, 4.36, 79.13, 126.55, -86.47, 184.98, 1.0, 0.0, 0.0]",14.1333333333333,424,0,12499,0
"[82.55, 4.36, 79.13, 126.55, -86.47, 184.98, 1.0, 0.0, 0.0]","[80.55, 5.19, 78.41, 126.1, -86.53, 184.75, 1.0, 0.0, 0.0]",14.1666666666666,425,0,12500,0
"[80.55, 5.19, 78.41, 126.1, -86.53, 184.75, 1.0, 0.0, 0.0]","[78.5, 6.05, 77.67, 125.64, -86.58, 184.51, 1.0, 0.0, 0.0]",14.2,426,0,12501,0
"[78.5, 6.05, 77.67, 125.64, -86.58, 184.51, 1.0, 0.0, 0.0]","[76.45, 6.9, 76.93, 125.18, -86.64, 184.27, 1.0, 0.0, 0.0]",14.2333333333333,427,0,12502,0
"[76.45, 6.9, 76.93, 125.18, -86.64, 184.27, 1.0, 0.0, 0.0]","[75.1, 7.46, 76.45, 124.87, -86.68, 184.12, 1.0, 0.0, 0.0]",14.2666666666666,428,0,12503,0
"[75.1, 7.46, 76.45, 124.87, -86.68, 184.12, 1.0, 0.0, 0.0]","[73.05, 8.32, 75.71, 124.41, -86.74, 183.88, 1.0, 0.0, 0.0]",14.3,429,0,12504,0
"[73.05, 8.32, 75.71, 124.41, -86.74, 183.88, 1.0, 0.0, 0.0]","[71.65, 8.9, 75.21, 124.1, -86.78, 183.72, 1.0, 0.0, 0.0]",14.3333333333333,430,0,12505,0
"[71.65, 8.9, 75.21, 124.1, -86.78, 183.72, 1.0, 0.0, 0.0]","[68.95, 10.03, 74.24, 123.49, -86.85, 183.4, 1.0, 0.0, 0.0]",14.3666666666666,431,0,12506,0
"[68.95, 10.03, 74.24, 123.49, -86.85, 183.4, 1.0, 0.0, 0.0]","[66.9, 10.88, 73.51, 123.03, -86.91, 183.17, 1.0, 0.0, 0.0]",14.4,432,0,12507,0
"[66.9, 10.88, 73.51, 123.03, -86.91, 183.17, 1.0, 0.0, 0.0]","[64.85, 11.73, 72.77, 122.57, -86.97, 182.93, 1.0, 0.0, 0.0]",14.4333333333333,433,0,12508,0
"[64.85, 11.73, 72.77, 122.57, -86.97, 182.93, 1.0, 0.0, 0.0]","[63.5, 12.3, 72.29, 122.27, -87.01, 182.78, 1.0, 0.0, 0.0]",14.4666666666666,434,0,12509,0
"[63.5, 12.3, 72.29, 122.27, -87.01, 182.78, 1.0, 0.0, 0.0]","[61.45, 13.15, 71.55, 121.81, -87.06, 182.54, 1.0, 0.0, 0.0]",14.5,435,0,12510,0
"[61.45, 13.15, 71.55, 121.81, -87.06, 182.54, 1.0, 0.0, 0.0]","[58.74, 14.28, 70.58, 121.2, -87.14, 182.23, 1.0, 0.0, 0.0]",14.5333333333333,436,0,12511,0
"[58.74, 14.28, 70.58, 121.2, -87.14, 182.23, 1.0, 0.0, 0.0]","[57.35, 14.86, 70.08, 120.89, -87.18, 182.06, 1.0, 0.0, 0.0]",14.5666666666666,437,0,12512,0
"[57.35, 14.86, 70.08, 120.89, -87.18, 182.06, 1.0, 0.0, 0.0]","[56.0, 15.42, 69.59, 120.59, -87.22, 181.91, 1.0, 0.0, 0.0]",14.6,438,0,12513,0
"[56.0, 15.42, 69.59, 120.59, -87.22, 181.91, 1.0, 0.0, 0.0]","[53.29, 16.55, 68.62, 119.98, -87.29, 181.6, 1.0, 0.0, 0.0]",14.6333333333333,439,0,12514,0
"[53.29, 16.55, 68.62, 119.98, -87.29, 181.6, 1.0, 0.0, 0.0]","[51.25, 17.4, 67.89, 119.52, -87.35, 181.36, 1.0, 0.0, 0.0]",14.6666666666666,440,0,12515,0
"[51.25, 17.4, 67.89, 119.52, -87.35, 181.36, 1.0, 0.0, 0.0]","[49.89, 17.97, 67.4, 119.22, -87.39, 181.2, 1.0, 0.0, 0.0]",14.7,441,0,12516,0
"[49.89, 17.97, 67.4, 119.22, -87.39, 181.2, 1.0, 0.0, 0.0]","[47.17, 19.1, 66.42, 118.6, -87.47, 180.89, 1.0, 0.0, 0.0]",14.7333333333333,442,0,12517,0
"[47.17, 19.1, 66.42, 118.6, -87.47, 180.89, 1.0, 0.0, 0.0]","[45.25, 19.9, 65.73, 118.17, -87.52, 180.67, 1.0, 0.0, 0.0]",14.7666666666666,443,0,12518,0
"[45.25, 19.9, 65.73, 118.17, -87.52, 180.67, 1.0, 0.0, 0.0]","[44.09, 20.38, 65.32, 117.91, -87.55, 180.53, 1.0, 0.0, 0.0]",14.8,444,0,12519,0
"[44.09, 20.38, 65.32, 117.91, -87.55, 180.53, 1.0, 0.0, 0.0]","[42.16, 21.19, 64.63, 117.48, -87.61, 180.31, 1.0, 0.0, 0.0]",14.8333333333333,445,0,12520,0
"[42.16, 21.19, 64.63, 117.48, -87.61, 180.31, 1.0, 0.0, 0.0]","[41.8, 21.34, 64.5, 117.4, -87.62, 180.27, 1.0, 0.0, 0.0]",14.8666666666666,446,0,12521,0
"[41.8, 21.34, 64.5, 117.4, -87.62, 180.27, 1.0, 0.0, 0.0]","[40.97, 21.68, 64.21, 117.22, -87.64, 180.18, 1.0, 0.0, 0.0]",14.9,447,0,12522,0
"[40.97, 21.68, 64.21, 117.22, -87.64, 180.18, 1.0, 0.0, 0.0]","[40.43, 21.9, 64.01, 117.1, -87.66, 180.12, 1.0, 0.0, 0.0]",14.9333333333333,448,0,12523,0
"[40.43, 21.9, 64.01, 117.1, -87.66, 180.12, 1.0, 0.0, 0.0]","[40.31, 21.96, 63.96, 117.07, -87.66, 180.1, 1.0, 0.0, 0.0]",14.9666666666666,449,0,12524,0
"[40.31, 21.96, 63.96, 117.07, -87.66, 180.1, 1.0, 0.0, 0.0]","[40.29, 21.97, 63.96, 117.06, -87.66, 180.1, 1.0, 0.0, 0.0]",15,450,0,12525,0
"[40.29, 21.97, 63.96, 117.06, -87.66, 180.1, 1.0, 0.0, 0.0]","[40.29, 21.97, 63.96, 117.06, -87.66, 180.13, 1.0, 0.0, 0.0]",15.0333333333333,451,0,12526,0
"[40.29, 21.97, 63.96, 117.06, -87.66, 180.13, 1.0, 0.0, 0.0]","[40.29, 21.97, 63.95, 117.05, -87.67, 180.25, 1.0, 0.0, 0.0]",15.0666666666666,452,0,12527,0
"[40.29, 21.97, 63.95, 117.05, -87.67, 180.25, 1.0, 0.0, 0.0]","[40.29, 21.97, 63.95, 117.03, -87.7, 180.72, 1.0, 0.0, 0.0]",15.1,453,0,12528,0
"[40.29, 21.97, 63.95, 117.03, -87.7, 180.72, 1.0, 0.0, 0.0]","[40.28, 21.99, 63.93, 116.98, -87.77, 181.74, 1.0, 0.0, 0.0]",15.1333333333333,454,0,12529,0
"[40.28, 21.99, 63.93, 116.98, -87.77, 181.74, 1.0, 0.0, 0.0]","[40.27, 22.0, 63.92, 116.92, -87.84, 182.84, 1.0, 0.0, 0.0]",15.1666666666666,455,0,12530,0
"[40.27, 22.0, 63.92, 116.92, -87.84, 182.84, 1.0, 0.0, 0.0]","[40.24, 22.03, 63.89, 116.73, -88.05, 186.43, 1.0, 0.0, 0.0]",15.2,456,0,12531,0
"[40.24, 22.03, 63.89, 116.73, -88.05, 186.43, 1.0, 0.0, 0.0]","[40.21, 22.06, 63.86, 116.5, -88.27, 190.42, 1.0, 0.0, 0.0]",15.2333333333333,457,0,12532,0
"[40.21, 22.06, 63.86, 116.5, -88.27, 190.42, 1.0, 0.0, 0.0]","[40.19, 22.09, 63.85, 116.19, -88.51, 195.26, 1.0, 0.0, 0.0]",15.2666666666666,458,0,12533,0
"[40.19, 22.09, 63.85, 116.19, -88.51, 195.26, 1.0, 0.0, 0.0]","[40.17, 22.11, 63.85, 115.79, -88.75, 200.94, 1.0, 0.0, 0.0]",15.3,459,0,12534,0
"[40.17, 22.11, 63.85, 115.79, -88.75, 200.94, 1.0, 0.0, 0.0]","[40.16, 22.12, 63.88, 115.33, -88.96, 207.13, 1.0, 0.0, 0.0]",15.3333333333333,460,0,12535,0
"[40.16, 22.12, 63.88, 115.33, -88.96, 207.13, 1.0, 0.0, 0.0]","[40.16, 22.12, 63.94, 114.81, -89.11, 213.61, 1.0, 0.0, 0.0]",15.3666666666666,461,0,12536,0
"[40.16, 22.12, 63.94, 114.81, -89.11, 213.61, 1.0, 0.0, 0.0]","[40.17, 22.1, 64.02, 114.26, -89.2, 220.16, 1.0, 0.0, 0.0]",15.4,462,0,12537,0
"[40.17, 22.1, 64.02, 114.26, -89.2, 220.16, 1.0, 0.0, 0.0]","[40.19, 22.09, 64.08, 113.89, -89.22, 224.49, 1.0, 0.0, 0.0]",15.4333333333333,463,0,12538,0
"[40.19, 22.09, 64.08, 113.89, -89.22, 224.49, 1.0, 0.0, 0.0]","[40.22, 22.07, 64.15, 113.51, -89.21, 228.82, 1.0, 0.0, 0.0]",15.4666666666666,464,0,12539,0
"[40.22, 22.07, 64.15, 113.51, -89.21, 228.82, 1.0, 0.0, 0.0]","[40.29, 22.02, 64.3, 112.75, -89.1, 237.62, 1.0, 0.0, 0.0]",15.5,465,0,12540,0
"[40.29, 22.02, 64.3, 112.75, -89.1, 237.62, 1.0, 0.0, 0.0]","[40.36, 21.99, 64.41, 112.19, -88.93, 244.18, 1.0, 0.0, 0.0]",15.5333333333333,466,0,12541,0
"[40.36, 21.99, 64.41, 112.19, -88.93, 244.18, 1.0, 0.0, 0.0]","[40.45, 21.96, 64.51, 111.63, -88.69, 250.88, 1.0, 0.0, 0.0]",15.5666666666666,467,0,12542,0
"[40.45, 21.96, 64.51, 111.63, -88.69, 250.88, 1.0, 0.0, 0.0]","[40.54, 21.94, 64.6, 111.14, -88.4, 257.06, 1.0, 0.0, 0.0]",15.6,468,0,12543,0
"[40.54, 21.94, 64.6, 111.14, -88.4, 257.06, 1.0, 0.0, 0.0]","[40.65, 21.92, 64.68, 110.69, -88.07, 263.2, 1.0, 0.0, 0.0]",15.6333333333333,469,0,12544,0
"[40.65, 21.92, 64.68, 110.69, -88.07, 263.2, 1.0, 0.0, 0.0]","[40.75, 21.92, 64.73, 110.3, -87.71, 268.8, 1.0, 0.0, 0.0]",15.6666666666666,470,0,12545,0
"[40.75, 21.92, 64.73, 110.3, -87.71, 268.8, 1.0, 0.0, 0.0]","[40.81, 21.92, 64.75, 110.09, -87.49, 272.07, 1.0, 0.0, 0.0]",15.7,471,0,12546,0
"[40.81, 21.92, 64.75, 110.09, -87.49, 272.07, 1.0, 0.0, 0.0]","[40.9, 21.92, 64.77, 109.85, -87.18, 276.24, 1.0, 0.0, 0.0]",15.7333333333333,472,0,12547,0
"[40.9, 21.92, 64.77, 109.85, -87.18, 276.24, 1.0, 0.0, 0.0]","[40.96, 21.93, 64.77, 109.68, -86.95, 279.28, 1.0, 0.0, 0.0]",15.7666666666666,473,0,12548,0
"[40.96, 21.93, 64.77, 109.68, -86.95, 279.28, 1.0, 0.0, 0.0]","[41.01, 21.94, 64.77, 109.58, -86.79, 281.26, 1.0, 0.0, 0.0]",15.8,474,0,12549,0
"[41.01, 21.94, 64.77, 109.58, -86.79, 281.26, 1.0, 0.0, 0.0]","[41.03, 21.95, 64.77, 109.53, -86.69, 282.39, 1.0, 0.0, 0.0]",15.8333333333333,475,0,12550,0
"[41.03, 21.95, 64.77, 109.53, -86.69, 282.39, 1.0, 0.0, 0.0]","[41.04, 21.95, 64.77, 109.51, -86.66, 282.79, 1.0, 0.0, 0.0]",15.8666666666666,476,0,12551,0
"[41.04, 21.95, 64.77, 109.51, -86.66, 282.79, 1.0, 0.0, 0.0]","[41.05, 21.95, 64.77, 109.49, -86.64, 283.07, 1.0, 0.0, 0.0]",15.9,477,0,12552,0
"[41.05, 21.95, 64.77, 109.49, -86.64, 283.07, 1.0, 0.0, 0.0]","[41.05, 21.95, 64.77, 109.49, -86.64, 283.07, 1.0, 0.0, 0.0]",15.9333333333333,478,0,12553,0
"[41.05, 21.95, 64.77, 109.49, -86.64, 283.07, 1.0, 0.0, 0.0]","[41.05, 21.95, 64.77, 109.49, -86.64, 283.03, 1.0, 0.0, 0.0]",15.9666666666666,479,0,12554,0
"[41.05, 21.95, 64.77, 109.49, -86.64, 283.03, 1.0, 0.0, 0.0]","[41.04, 21.95, 64.77, 109.51, -86.66, 282.8, 1.0, 0.0, 0.0]",16,480,0,12555,0
"[41.04, 21.95, 64.77, 109.51, -86.66, 282.8, 1.0, 0.0, 0.0]","[41.03, 21.95, 64.77, 109.54, -86.71, 282.18, 1.0, 0.0, 0.0]",16.0333333333333,481,0,12556,0
"[41.03, 21.95, 64.77, 109.54, -86.71, 282.18, 1.0, 0.0, 0.0]","[41.0, 21.95, 64.77, 109.6, -86.81, 280.91, 1.0, 0.0, 0.0]",16.0666666666666,482,0,12557,0
"[41.0, 21.95, 64.77, 109.6, -86.81, 280.91, 1.0, 0.0, 0.0]","[40.96, 21.94, 64.77, 109.7, -86.98, 278.75, 1.0, 0.0, 0.0]",16.1,483,0,12558,0
"[40.96, 21.94, 64.77, 109.7, -86.98, 278.75, 1.0, 0.0, 0.0]","[40.89, 21.93, 64.77, 109.88, -87.23, 275.5, 1.0, 0.0, 0.0]",16.1333333333333,484,0,12559,0
"[40.89, 21.93, 64.77, 109.88, -87.23, 275.5, 1.0, 0.0, 0.0]","[40.83, 21.92, 64.76, 110.04, -87.43, 272.74, 1.0, 0.0, 0.0]",16.1666666666666,485,0,12560,0
"[40.83, 21.92, 64.76, 110.04, -87.43, 272.74, 1.0, 0.0, 0.0]","[40.7, 21.92, 64.71, 110.48, -87.89, 265.9, 1.0, 0.0, 0.0]",16.2,486,0,12561,0
"[40.7, 21.92, 64.71, 110.48, -87.89, 265.9, 1.0, 0.0, 0.0]","[40.59, 21.93, 64.64, 110.9, -88.24, 259.98, 1.0, 0.0, 0.0]",16.2333333333333,487,0,12562,0
"[40.59, 21.93, 64.64, 110.9, -88.24, 259.98, 1.0, 0.0, 0.0]","[40.53, 21.94, 64.59, 111.22, -88.45, 255.83, 1.0, 0.0, 0.0]",16.2666666666666,488,0,12563,0
"[40.53, 21.94, 64.59, 111.22, -88.45, 255.83, 1.0, 0.0, 0.0]","[40.43, 21.97, 64.5, 111.74, -88.74, 249.33, 1.0, 0.0, 0.0]",16.3,489,0,12564,0
"[40.43, 21.97, 64.5, 111.74, -88.74, 249.33, 1.0, 0.0, 0.0]","[40.35, 22.0, 64.39, 112.28, -88.96, 242.76, 1.0, 0.0, 0.0]",16.3333333333333,490,0,12565,0
"[40.35, 22.0, 64.39, 112.28, -88.96, 242.76, 1.0, 0.0, 0.0]","[40.28, 22.03, 64.28, 112.85, -89.12, 236.19, 1.0, 0.0, 0.0]",16.3666666666666,491,0,12566,0
"[40.28, 22.03, 64.28, 112.85, -89.12, 236.19, 1.0, 0.0, 0.0]","[40.23, 22.06, 64.17, 113.41, -89.2, 229.76, 1.0, 0.0, 0.0]",16.4,492,0,12567,0
"[40.23, 22.06, 64.17, 113.41, -89.2, 229.76, 1.0, 0.0, 0.0]","[40.19, 22.09, 64.07, 113.98, -89.22, 223.21, 1.0, 0.0, 0.0]",16.4333333333333,493,0,12568,0
"[40.19, 22.09, 64.07, 113.98, -89.22, 223.21, 1.0, 0.0, 0.0]","[40.17, 22.11, 63.98, 114.53, -89.17, 216.65, 1.0, 0.0, 0.0]",16.4666666666666,494,0,12569,0
"[40.17, 22.11, 63.98, 114.53, -89.17, 216.65, 1.0, 0.0, 0.0]","[40.16, 22.11, 63.93, 114.89, -89.09, 212.34, 1.0, 0.0, 0.0]",16.5,495,0,12570,0
"[40.16, 22.11, 63.93, 114.89, -89.09, 212.34, 1.0, 0.0, 0.0]","[40.16, 22.12, 63.88, 115.4, -88.93, 205.91, 1.0, 0.0, 0.0]",16.5333333333333,496,0,12571,0
"[40.16, 22.12, 63.88, 115.4, -88.93, 205.91, 1.0, 0.0, 0.0]","[40.16, 22.12, 63.86, 115.71, -88.79, 201.83, 1.0, 0.0, 0.0]",16.5666666666667,497,0,12572,0
"[40.16, 22.12, 63.86, 115.71, -88.79, 201.83, 1.0, 0.0, 0.0]","[40.18, 22.1, 63.85, 116.12, -88.56, 196.06, 1.0, 0.0, 0.0]",16.6,498,0,12573,0
"[40.18, 22.1, 63.85, 116.12, -88.56, 196.06, 1.0, 0.0, 0.0]","[40.21, 22.07, 63.85, 116.45, -88.31, 190.99, 1.0, 0.0, 0.0]",16.6333333333333,499,0,12574,0
"[40.21, 22.07, 63.85, 116.45, -88.31, 190.99, 1.0, 0.0, 0.0]","[40.24, 22.04, 63.88, 116.7, -88.08, 186.86, 1.0, 0.0, 0.0]",16.6666666666667,500,0,12575,0
"[40.24, 22.04, 63.88, 116.7, -88.08, 186.86, 1.0, 0.0, 0.0]","[40.25, 22.02, 63.9, 116.82, -87.96, 184.74, 1.0, 0.0, 0.0]",16.7,501,0,12576,0
"[40.25, 22.02, 63.9, 116.82, -87.96, 184.74, 1.0, 0.0, 0.0]","[40.27, 21.99, 63.92, 116.94, -87.82, 182.44, 1.0, 0.0, 0.0]",16.7333333333333,502,0,12577,0
"[40.27, 21.99, 63.92, 116.94, -87.82, 182.44, 1.0, 0.0, 0.0]","[40.28, 21.98, 63.95, 117.03, -87.71, 180.75, 1.0, 0.0, 0.0]",16.7666666666667,503,0,12578,0
"[40.28, 21.98, 63.95, 117.03, -87.71, 180.75, 1.0, 0.0, 0.0]","[40.29, 21.97, 63.95, 117.05, -87.67, 180.23, 1.0, 0.0, 0.0]",16.8,504,0,12579,0
"[40.29, 21.97, 63.95, 117.05, -87.67, 180.23, 1.0, 0.0, 0.0]","[40.29, 21.97, 63.96, 117.06, -87.66, 180.1, 1.0, 0.0, 0.0]",16.8333333333333,505,0,12580,0
"[40.29, 21.97, 63.96, 117.06, -87.66, 180.1, 1.0, 0.0, 0.0]","[40.29, 21.97, 63.96, 117.06, -87.66, 180.08, 1.0, 0.0, 0.0]",16.8666666666667,506,0,12581,0
"[40.29, 21.97, 63.96, 117.06, -87.66, 180.08, 1.0, 0.0, 0.0]","[40.31, 21.95, 63.97, 117.06, -87.66, 180.09, 1.0, 0.0, 0.0]",16.9,507,0,12582,0
"[40.31, 21.95, 63.97, 117.06, -87.66, 180.09, 1.0, 0.0, 0.0]","[40.41, 21.84, 64.06, 117.06, -87.63, 180.1, 1.0, 0.0, 0.0]",16.9333333333333,508,0,12583,0
"[40.41, 21.84, 64.06, 117.06, -87.63, 180.1, 1.0, 0.0, 0.0]","[40.7, 21.53, 64.31, 117.04, -87.55, 180.13, 1.0, 0.0, 0.0]",16.9666666666667,509,0,12584,0
"[40.7, 21.53, 64.31, 117.04, -87.55, 180.13, 1.0, 0.0, 0.0]","[41.22, 20.91, 64.82, 117.02, -87.39, 180.17, 1.0, 0.0, 0.0]",17,510,0,12585,0
"[41.22, 20.91, 64.82, 117.02, -87.39, 180.17, 1.0, 0.0, 0.0]","[42.06, 19.89, 65.65, 116.98, -87.13, 180.23, 1.0, 0.0, 0.0]",17.0333333333333,511,0,12586,0
"[42.06, 19.89, 65.65, 116.98, -87.13, 180.23, 1.0, 0.0, 0.0]","[42.8, 19.01, 66.37, 116.95, -86.91, 180.29, 1.0, 0.0, 0.0]",17.0666666666667,512,0,12587,0
"[42.8, 19.01, 66.37, 116.95, -86.91, 180.29, 1.0, 0.0, 0.0]","[44.12, 17.42, 67.65, 116.89, -86.51, 180.39, 1.0, 0.0, 0.0]",17.1,513,0,12588,0
"[44.12, 17.42, 67.65, 116.89, -86.51, 180.39, 1.0, 0.0, 0.0]","[45.59, 15.68, 69.07, 116.82, -86.07, 180.51, 1.0, 0.0, 0.0]",17.1333333333333,514,0,12589,0
"[45.59, 15.68, 69.07, 116.82, -86.07, 180.51, 1.0, 0.0, 0.0]","[46.6, 14.49, 70.05, 116.77, -85.77, 180.58, 1.0, 0.0, 0.0]",17.1666666666667,515,0,12590,0
"[46.6, 14.49, 70.05, 116.77, -85.77, 180.58, 1.0, 0.0, 0.0]","[48.66, 12.05, 72.04, 116.68, -85.15, 180.74, 1.0, 0.0, 0.0]",17.2,516,0,12591,0
"[48.66, 12.05, 72.04, 116.68, -85.15, 180.74, 1.0, 0.0, 0.0]","[50.16, 10.27, 73.49, 116.61, -84.7, 180.86, 1.0, 0.0, 0.0]",17.2333333333334,517,0,12592,0
"[50.16, 10.27, 73.49, 116.61, -84.7, 180.86, 1.0, 0.0, 0.0]","[51.21, 9.04, 74.51, 116.57, -84.38, 180.94, 1.0, 0.0, 0.0]",17.2666666666667,518,0,12593,0
"[51.21, 9.04, 74.51, 116.57, -84.38, 180.94, 1.0, 0.0, 0.0]","[53.23, 6.64, 76.46, 116.47, -83.78, 181.09, 1.0, 0.0, 0.0]",17.3,519,0,12594,0
"[53.23, 6.64, 76.46, 116.47, -83.78, 181.09, 1.0, 0.0, 0.0]","[54.24, 5.44, 77.44, 116.43, -83.47, 181.17, 1.0, 0.0, 0.0]",17.3333333333334,520,0,12595,0
"[54.24, 5.44, 77.44, 116.43, -83.47, 181.17, 1.0, 0.0, 0.0]","[55.77, 3.63, 78.92, 116.36, -83.01, 181.29, 1.0, 0.0, 0.0]",17.3666666666667,521,0,12596,0
"[55.77, 3.63, 78.92, 116.36, -83.01, 181.29, 1.0, 0.0, 0.0]","[56.82, 2.39, 79.93, 116.31, -82.7, 181.37, 1.0, 0.0, 0.0]",17.4,522,0,12597,0
"[56.82, 2.39, 79.93, 116.31, -82.7, 181.37, 1.0, 0.0, 0.0]","[58.32, 0.62, 81.38, 116.24, -82.25, 181.48, 1.0, 0.0, 0.0]",17.4333333333334,523,0,12598,0
"[58.32, 0.62, 81.38, 116.24, -82.25, 181.48, 1.0, 0.0, 0.0]","[59.85, -1.2, 82.86, 116.17, -81.79, 181.6, 1.0, 0.0, 0.0]",17.4666666666667,524,0,12599,0
"[59.85, -1.2, 82.86, 116.17, -81.79, 181.6, 1.0, 0.0, 0.0]","[61.91, -3.64, 84.85, 116.08, -81.17, 181.76, 1.0, 0.0, 0.0]",17.5,525,0,12600,0
"[61.91, -3.64, 84.85, 116.08, -81.17, 181.76, 1.0, 0.0, 0.0]","[62.92, -4.83, 85.83, 116.03, -80.87, 181.84, 1.0, 0.0, 0.0]",17.5333333333334,526,0,12601,0
"[62.92, -4.83, 85.83, 116.03, -80.87, 181.84, 1.0, 0.0, 0.0]","[64.97, -7.27, 87.82, 115.94, -80.25, 181.99, 1.0, 0.0, 0.0]",17.5666666666667,527,0,12602,0
"[64.97, -7.27, 87.82, 115.94, -80.25, 181.99, 1.0, 0.0, 0.0]","[65.98, -8.46, 88.79, 115.9, -79.95, 182.07, 1.0, 0.0, 0.0]",17.6,528,0,12603,0
"[65.98, -8.46, 88.79, 115.9, -79.95, 182.07, 1.0, 0.0, 0.0]","[68.01, -10.86, 90.75, 115.8, -79.34, 182.23, 1.0, 0.0, 0.0]",17.6333333333334,529,0,12604,0
"[68.01, -10.86, 90.75, 115.8, -79.34, 182.23, 1.0, 0.0, 0.0]","[68.53, -11.48, 91.25, 115.78, -79.18, 182.27, 1.0, 0.0, 0.0]",17.6666666666667,530,0,12605,0
"[68.53, -11.48, 91.25, 115.78, -79.18, 182.27, 1.0, 0.0, 0.0]","[70.55, -13.88, 93.21, 115.69, -78.58, 182.42, 1.0, 0.0, 0.0]",17.7,531,0,12606,0
"[70.55, -13.88, 93.21, 115.69, -78.58, 182.42, 1.0, 0.0, 0.0]","[72.08, -15.69, 94.69, 115.62, -78.12, 182.54, 1.0, 0.0, 0.0]",17.7333333333334,532,0,12607,0
"[72.08, -15.69, 94.69, 115.62, -78.12, 182.54, 1.0, 0.0, 0.0]","[73.62, -17.51, 96.17, 115.55, -77.66, 182.66, 1.0, 0.0, 0.0]",17.7666666666667,533,0,12608,0
"[73.62, -17.51, 96.17, 115.55, -77.66, 182.66, 1.0, 0.0, 0.0]","[74.63, -18.71, 97.15, 115.5, -77.35, 182.73, 1.0, 0.0, 0.0]",17.8,534,0,12609,0
"[74.63, -18.71, 97.15, 115.5, -77.35, 182.73, 1.0, 0.0, 0.0]","[76.16, -20.52, 98.63, 115.43, -76.89, 182.85, 1.0, 0.0, 0.0]",17.8333333333334,535,0,12610,0
"[76.16, -20.52, 98.63, 115.43, -76.89, 182.85, 1.0, 0.0, 0.0]","[77.7, -22.34, 100.11, 115.37, -76.43, 182.97, 1.0, 0.0, 0.0]",17.8666666666667,536,0,12611,0
"[77.7, -22.34, 100.11, 115.37, -76.43, 182.97, 1.0, 0.0, 0.0]","[79.75, -24.77, 102.1, 115.27, -75.81, 183.13, 1.0, 0.0, 0.0]",17.9,537,0,12612,0
"[79.75, -24.77, 102.1, 115.27, -75.81, 183.13, 1.0, 0.0, 0.0]","[80.76, -25.97, 103.08, 115.23, -75.51, 183.2, 1.0, 0.0, 0.0]",17.9333333333334,538,0,12613,0
"[80.76, -25.97, 103.08, 115.23, -75.51, 183.2, 1.0, 0.0, 0.0]","[82.3, -27.79, 104.56, 115.16, -75.05, 183.32, 1.0, 0.0, 0.0]",17.9666666666667,539,0,12614,0
"[82.3, -27.79, 104.56, 115.16, -75.05, 183.32, 1.0, 0.0, 0.0]","[83.31, -28.99, 105.54, 115.11, -74.75, 183.4, 1.0, 0.0, 0.0]",18.0000000000001,540,0,12615,0
"[83.31, -28.99, 105.54, 115.11, -74.75, 183.4, 1.0, 0.0, 0.0]","[85.33, -31.38, 107.49, 115.02, -74.14, 183.56, 1.0, 0.0, 0.0]",18.0333333333334,541,0,12616,0
"[85.33, -31.38, 107.49, 115.02, -74.14, 183.56, 1.0, 0.0, 0.0]","[86.86, -33.2, 108.98, 114.95, -73.68, 183.67, 1.0, 0.0, 0.0]",18.0666666666667,542,0,12617,0
"[86.86, -33.2, 108.98, 114.95, -73.68, 183.67, 1.0, 0.0, 0.0]","[88.4, -35.01, 110.46, 114.88, -73.22, 183.79, 1.0, 0.0, 0.0]",18.1000000000001,543,0,12618,0
"[88.4, -35.01, 110.46, 114.88, -73.22, 183.79, 1.0, 0.0, 0.0]","[90.43, -37.42, 112.42, 114.79, -72.61, 183.95, 1.0, 0.0, 0.0]",18.1333333333334,544,0,12619,0
"[90.43, -37.42, 112.42, 114.79, -72.61, 183.95, 1.0, 0.0, 0.0]","[91.38, -38.54, 113.34, 114.75, -72.32, 184.02, 1.0, 0.0, 0.0]",18.1666666666667,545,0,12620,0
"[91.38, -38.54, 113.34, 114.75, -72.32, 184.02, 1.0, 0.0, 0.0]","[92.67, -40.08, 114.59, 114.69, -71.94, 184.12, 1.0, 0.0, 0.0]",18.2000000000001,546,0,12621,0
"[92.67, -40.08, 114.59, 114.69, -71.94, 184.12, 1.0, 0.0, 0.0]","[93.39, -40.93, 115.29, 114.65, -71.72, 184.17, 1.0, 0.0, 0.0]",18.2333333333334,547,0,12622,0
"[93.39, -40.93, 115.29, 114.65, -71.72, 184.17, 1.0, 0.0, 0.0]","[94.21, -41.9, 116.08, 114.62, -71.47, 184.23, 1.0, 0.0, 0.0]",18.2666666666667,548,0,12623,0
"[94.21, -41.9, 116.08, 114.62, -71.47, 184.23, 1.0, 0.0, 0.0]","[94.56, -42.32, 116.43, 114.6, -71.37, 184.26, 1.0, 0.0, 0.0]",18.3000000000001,549,0,12624,0
"[94.56, -42.32, 116.43, 114.6, -71.37, 184.26, 1.0, 0.0, 0.0]","[94.87, -42.68, 116.72, 114.59, -71.28, 184.28, 1.0, 0.0, 0.0]",18.3333333333334,550,0,12625,0
"[94.87, -42.68, 116.72, 114.59, -71.28, 184.28, 1.0, 0.0, 0.0]","[94.99, -42.83, 116.84, 114.58, -71.24, 184.29, 1.0, 0.0, 0.0]",18.3666666666667,551,0,12626,0
"[94.99, -42.83, 116.84, 114.58, -71.24, 184.29, 1.0, 0.0, 0.0]","[95.0, -42.83, 116.84, 114.58, -71.24, 184.29, 1.0, 0.0, 0.0]",18.4000000000001,552,0,12627,0
"[95.0, -42.83, 116.84, 114.58, -71.24, 184.29, 1.0, 0.0, 0.0]","[95.0, -42.83, 116.84, 114.58, -71.24, 184.3, 1.0, 0.0, 0.0]",18.4333333333334,553,0,12628,0
"[95.0, -42.83, 116.84, 114.58, -71.24, 184.3, 1.0, 0.0, 0.0]","[95.0, -42.83, 116.84, 114.58, -71.24, 184.3, 1.0, 0.0, 0.0]",18.4666666666667,554,0,12629,0
"[95.0, -42.83, 116.84, 114.58, -71.24, 184.3, 1.0, 0.0, 0.0]","[95.0, -42.83, 116.84, 114.58, -71.24, 184.3, 1.0, 0.0, 0.0]",18.5000000000001,555,0,12630,0
"[95.0, -42.83, 116.84, 114.58, -71.24, 184.3, 1.0, 0.0, 0.0]","[95.0, -42.83, 116.84, 114.58, -71.24, 184.3, 1.0, 0.0, 0.0]",18.5333333333334,556,0,12631,0
